"Number in Query","Query","Dist","CDR3.alpha.aa","CDR3.beta.aa","Species","Category","Pathology","Pathology.Mesh.ID","Additional.study.details","Antigen.identification.method","Single.cell","NGS","Antigen.protein","Protein.ID","Epitope.peptide","Epitope.ID","MHC","Tissue","T.Cell.Type","T.cell.characteristics","CDR3.alpha.nt","TRAV","TRAJ","TRBV","TRBD","TRBJ","Reconstructed.J.annotation","CDR3.beta.nt","Mouse.strain","PubMed.ID","Remarks"
1,"CASSLGETQYF",0,NA,"CASSLGETQYF","Human","Allergy","Allergy","D063926","Drug reaction with eosinophilia and systemic symptoms","3","No","No",NA,NA,NA,NA,NA,"PBMC","CD8",NA,NA,NA,NA,NA,NA,"TRBJ2-5","No",NA,NA,25905582,NA
1,"CASSLGETQYF",0,NA,"CASSLGETQYF","Human","Pathogens","Influenza","D009980",NA,"1","No","Yes","NP177","P03466","LPRRSGAAGA","38688","HLA-B7","PBMC","CD8",NA,NA,NA,NA,"TRBV4-1",NA,"TRBJ2-5","No","TGCGCCAGCAGCCTCGGGGAGACCCAGTACTTC",NA,28636589,NA
1,"CASSLGETQYF",0,NA,"CASSLGETQYF","Human","Pathogens","M.Tuberculosis","D009169","Bulk","2.2","No","Yes",NA,NA,NA,NA,NA,"PBMC","CD4",NA,NA,NA,NA,"TRBV7-9",NA,NA,NA,NA,NA,32341563,NA
2,"CASSLGNTEAFF",0,"CAVGYNTDKLIF","CASSLGNTEAFF","Human","Cancer","Neoantigen","C050269",NA,"1","Yes",NA,"SEC24A",NA,"FLYNPLTRV",NA,"HLA-A2",NA,NA,NA,NA,NA,NA,"TRBV7-6",NA,NA,NA,NA,NA,30418433,NA
3,"CASSLGGTEAFF",0,NA,"CASSLGGTEAFF","Human","Pathogens","Influenza","D009980",NA,"1","No","Yes","NP177","P03466","LPRRSGAAGA","38688","HLA-B7","PBMC","CD8",NA,NA,NA,NA,"TRBV7-3",NA,"TRBJ1-1","No","TGTGCCAGCAGCTTAGGAGGGACTGAAGCTTTCTTT",NA,28636589,NA
3,"CASSLGGTEAFF",0,NA,"CASSLGGTEAFF","Human","Autoimmune","Celiac disease","D002446",NA,"2.2","No","Yes",NA,NA,NA,NA,NA,"Gut","CD4",NA,NA,NA,NA,"TRBV5-4",NA,NA,"No",NA,NA,29269859,NA
3,"CASSLGGTEAFF",0,NA,"CASSLGGTEAFF","Human","Autoimmune","Diabetes Type 1","D003947",NA,"3","No","Yes",NA,NA,NA,NA,"HLA-A*02","Pancreaticdraining lymph node","CD8",NA,NA,NA,NA,NA,NA,NA,"No",NA,NA,27942583,NA
3,"CASSLGGTEAFF",0,"CAVPSRPNFGNEKLTF","CASSLGGTEAFF","Human","Cancer","Neoantigen","C050269",NA,"1","Yes","No","OR5M3-KMV",NA,"KMVAVFYTT",NA,"HLA-A2",NA,NA,NA,NA,NA,NA,"TRBV7-9",NA,NA,NA,NA,NA,30418433,NA
6,"CASSLGDTQYF",0,NA,"CASSLGDTQYF","Human","Autoimmune","Diabetes Type 1","D004046",NA,"3","No","No","insulin precursor A1-15",NA,NA,NA,NA,"Spleen",NA,NA,NA,NA,NA,"TRBV5-01",NA,"TRBJ2-3","No",NA,NA,15889096,NA
6,"CASSLGDTQYF",0,"CVLGVYGSSGNKLIF","CASSLGDTQYF","Mouse","Pathogens","mCMV","D018146",NA,"1","Yes","Yes","M38","A8E1G4","SSPPMFRV","61280","H-2Kb","Spleen","CD8",NA,NA,"TRAV6-1:01","TRAJ3-01","TRBV1-01",NA,"TRBJ2-5:01","No",NA,"C57/BL6",28636592,NA
6,"CASSLGDTQYF",0,NA,"CASSLGDTQYF","Human","Autoimmune","Celiac disease","D002446",NA,"2.2","No","Yes",NA,NA,NA,NA,NA,"PBMC","CD4",NA,NA,NA,NA,"TRBV7-2",NA,NA,"No",NA,NA,29269859,NA
8,"CASSSTDTQYF",0,NA,"CASSSTDTQYF","Human","Autoimmune","Inflammatory bowel disease (IBD) ","D015212","Chrohn's disease and Ulceritive colitis","2.2","No","Yes","Flagellin ","P22251",NA,NA,NA,"PBMC","CD4",NA,NA,NA,NA,"TRBV6-6",NA,"TRBJ2-3","No",NA,NA,29988119,NA
9,"CASSLGGTDTQYF",0,"CAAIPAGNNRKLIW","CASSLGGTDTQYF","Human","Pathogens","M.Tuberculosis","D009169",NA,"2.2","Yes","Yes",NA,NA,NA,NA,NA,"PBMC","CD4",NA,NA,"TRAV13-1","TRAJ38","TRBV5-1",NA,"TRBJ2-3",NA,NA,NA,32341563,NA
11,"CASSLGTEAFF",0,NA,"CASSLGTEAFF","Human","Pathogens","Influenza","D009980",NA,"1","No","Yes","NP177","P03466","LPRRSGAAGA","38688","HLA-B7","PBMC","CD8",NA,NA,NA,NA,"TRBV4-1",NA,"TRBJ1-1","No","TGCGCCAGCAGCCTCGGCACTGAAGCTTTCTTT",NA,28636589,NA
11,"CASSLGTEAFF",0,NA,"CASSLGTEAFF","Human","Autoimmune","Diabetes Type 1","D003947",NA,"3","No","Yes",NA,NA,NA,NA,"HLA-A*02","Pancreaticdraining lymph node","CD8",NA,NA,NA,NA,NA,NA,NA,"No",NA,NA,27942583,NA
12,"CASSLGYEQYF",0,NA,"CASSLGYEQYF","Human","Pathogens","Influenza","D009980",NA,"1","No","Yes","NP177","P03466","LPRRSGAAGA","38688","HLA-B7","PBMC","CD8",NA,NA,NA,NA,"TRBV7-6",NA,"TRBJ2-7","No","TGTGCCAGCAGCTTAGGGTACGAGCAGTACTTC",NA,28636589,NA
12,"CASSLGYEQYF",0,NA,"CASSLGYEQYF","Human","Autoimmune","Celiac disease","D002446",NA,"2.2","No","Yes",NA,NA,NA,NA,NA,"Gut","CD4",NA,NA,NA,NA,"TRBV5-1",NA,NA,"No",NA,NA,29269859,NA
12,"CASSLGYEQYF",0,NA,"CASSLGYEQYF","Human","Autoimmune","Diabetes Type 1","D003947",NA,"3","No","Yes",NA,NA,NA,NA,"HLA-A*02","Pancreaticdraining lymph node","CD8",NA,NA,NA,NA,NA,NA,NA,"No",NA,NA,27942583,NA
12,"CASSLGYEQYF",0,NA,"CASSLGYEQYF","Human","Pathogens","M.Tuberculosis","D009169","Bulk","2.2","No","Yes",NA,NA,NA,NA,NA,"PBMC","CD4",NA,NA,NA,NA,"TRBV28",NA,NA,NA,NA,NA,32341563,NA
13,"CASSLGGYEQYF",0,NA,"CASSLGGYEQYF","Human","Pathogens","Epstein Barr virus (EBV)","D020031","EBV","2.2","No","No","LMP2","P13285",NA,NA,"HLA-A*02","PBMC",NA,NA,NA,NA,NA,NA,NA,"TRBJ2-7","No",NA,NA,26509579,NA
13,"CASSLGGYEQYF",0,"CAASRGSNNRIFF","CASSLGGYEQYF","Mouse","Pathogens","Influenza","D009980",NA,"1","Yes","Yes","PA","P03433","SSLENFRAYV","61151","H-2Db","Bronchoalveolar","CD8",NA,NA,"TRAV7-2:02","TRAJ3-01","TRBV2-01",NA,"TRBJ2-7:01","No",NA,"C57/BL6",28636592,NA
13,"CASSLGGYEQYF",0,"CALVPSNTNKVVF","CASSLGGYEQYF","Mouse","Pathogens","Influenza","D009980",NA,"1","Yes","Yes","PA","P03433","SSLENFRAYV","61151","H-2Db","Bronchoalveolar","CD8",NA,NA,"TRAV6-4:03","TRAJ3-01","TRBV2-01",NA,"TRBJ2-7:01","No",NA,"C57/BL6",28636592,NA
13,"CASSLGGYEQYF",0,"CALVPSNTNKVVF","CASSLGGYEQYF","Mouse","Pathogens","Influenza","D009980",NA,"1","Yes","Yes","PA","P03433","SSLENFRAYV","61151","H-2Db","Bronchoalveolar","CD8",NA,NA,"TRAV6-4:03","TRAJ3-01","TRBV2-01",NA,"TRBJ2-7:01","No",NA,"C57/BL6",28636592,NA
13,"CASSLGGYEQYF",0,"CALVPSNTNKVVF","CASSLGGYEQYF","Mouse","Pathogens","Influenza","D009980",NA,"1","Yes","Yes","PA","P03433","SSLENFRAYV","61151","H-2Db","Bronchoalveolar","CD8",NA,NA,"TRAV6D-4:01","TRAJ3-01","TRBV2-01",NA,"TRBJ2-7:01","No",NA,"C57/BL6",28636592,NA
13,"CASSLGGYEQYF",0,NA,"CASSLGGYEQYF","Human","Pathogens","Epstein Barr virus (EBV)","D020031",NA,"1","No","Yes","BMLF-1","Q04360","GLCTLVAML","20788","HLA-A2","PBMC","CD8",NA,NA,NA,NA,"TRBV7-2",NA,"TRBJ2-7","No","TGTGCCAGCAGCTTAGGGGGATACGAGCAGTACTTC",NA,28636589,NA
13,"CASSLGGYEQYF",0,NA,"CASSLGGYEQYF","Human","Pathogens","Epstein Barr virus (EBV)","D020031",NA,"1","No","Yes","BMLF-1","Q04360","GLCTLVAML","20788","HLA-A2","PBMC","CD8",NA,NA,NA,NA,"TRBV7-8",NA,"TRBJ2-7","No","TGTGCCAGCAGCTTAGGGGGATACGAGCAGTACTTC",NA,28636589,NA
13,"CASSLGGYEQYF",0,NA,"CASSLGGYEQYF","Human","Pathogens","Influenza","D009980",NA,"1","No","Yes","NP177","P03466","LPRRSGAAGA","38688","HLA-B7","PBMC","CD8",NA,NA,NA,NA,"TRBV7-9",NA,"TRBJ2-7","No","TGTGCCAGCAGCTTAGGGGGCTACGAGCAGTACTTC",NA,28636589,NA
13,"CASSLGGYEQYF",0,NA,"CASSLGGYEQYF","Human","Autoimmune","Diabetes Type 1","D003947",NA,"3","No","Yes",NA,NA,NA,NA,"HLA-A*02","Pancreaticdraining lymph node","CD8",NA,NA,NA,NA,NA,NA,NA,"No",NA,NA,27942583,NA
14,"CASSLQETQYF",0,NA,"CASSLQETQYF","Human","Autoimmune","Inflammatory bowel disease (IBD) ","D015212","Chrohn's disease and Ulceritive colitis","2.2","No","Yes","Flagellin ","P22251",NA,NA,NA,"PBMC","CD4",NA,NA,NA,NA,"TRBV6-9",NA,"TRBJ2-5","No",NA,NA,29988119,NA
15,"CASSLGGSYEQYF",0,NA,"CASSLGGSYEQYF","Human","Pathogens","Influenza","D009980",NA,"1","No","Yes","NP177","P03466","LPRRSGAAGA","38688","HLA-B7","PBMC","CD8",NA,NA,NA,NA,"TRBV11-2",NA,"TRBJ2-7","No","TGTGCCAGCAGCTTAGGGGGCAGCTACGAGCAGTACTTC",NA,28636589,NA
15,"CASSLGGSYEQYF",0,NA,"CASSLGGSYEQYF","Human","Autoimmune","Diabetes Type 1","D003947",NA,"3","No","Yes",NA,NA,NA,NA,"HLA-A*02","Pancreaticdraining lymph node","CD8",NA,NA,NA,NA,NA,NA,NA,"No",NA,NA,27942583,NA
16,"CASSPQETQYF",0,NA,"CASSPQETQYF","Human","Autoimmune","Inflammatory bowel disease (IBD) ","D015212","Chrohn's disease and Ulceritive colitis","2.2","No","Yes","Flagellin ","P22251",NA,NA,NA,"PBMC","CD4",NA,NA,NA,NA,"TRBV6-3",NA,"TRBJ2-5","No",NA,NA,29988119,NA
16,"CASSPQETQYF",0,NA,"CASSPQETQYF","Human","Autoimmune","Inflammatory bowel disease (IBD) ","D015212","Chrohn's disease and Ulceritive colitis","2.2","No","Yes","Flagellin ","P22251",NA,NA,NA,"PBMC","CD4",NA,NA,NA,NA,"TRBV25-1",NA,"TRBJ2-5","No",NA,NA,29988119,NA
16,"CASSPQETQYF",0,NA,"CASSPQETQYF","Human","Autoimmune","Inflammatory bowel disease (IBD) ","D015212","Chrohn's disease and Ulceritive colitis","2.2","No","Yes","Flagellin ","P22251",NA,NA,NA,"PBMC","CD4",NA,NA,NA,NA,"TRBV7-2",NA,"TRBJ2-5","No",NA,NA,29988119,NA
19,"CASSLAGGTEAFF",0,"CLVGMRGNNRLAF","CASSLAGGTEAFF","Human","Cancer","Neoantigen","C050269",NA,"1","Yes","No","TRPV3-LLL-A8V",NA,"LLLNMLIVL",NA,"HLA-A2",NA,NA,NA,NA,NA,NA,"TRBV7-3",NA,NA,NA,NA,NA,30418433,NA
19,"CASSLAGGTEAFF",0,"CAGQAEDTGRRALTF","CASSLAGGTEAFF","Human","Autoimmune","Parkinson disease","D010393",NA,"3","Yes",NA,NA,NA,NA,NA,NA,"CSF","CD8",NA,"TGCCAGGGTTTTCCCAGTCACGACTACAAAGTCTCTCGAAAAGAGAAGAGGAATTTCCCCCTGATCCTGGAGTCGCCCAGCCCCAACCAGACCTCTCTGTACTTCTGTGCCAGCAGTTTAGCAGGGGGCACTGAAGCTTTCTTTGGACAAGGCACCAGACTCACAGTTGTAGAGGACCTGAACAAGGTGTTCCCACCCGAGGTCGCTGTGTTTGAGCCATCAGAAGCA",NA,"TRAJ5","TRBV27",NA,"TRBJ1-1",NA,NA,NA,31915375,NA
19,"CASSLAGGTEAFF",0,NA,"CASSLAGGTEAFF","Human","Pathogens","M.Tuberculosis","D009169","Bulk","2.2","No","Yes",NA,NA,NA,NA,NA,"PBMC","CD4",NA,NA,NA,NA,"TRBV5-1",NA,NA,NA,NA,NA,32341563,NA
22,"CASSLSYEQYF",0,NA,"CASSLSYEQYF","Human","Pathogens","Influenza","D009980",NA,"1","No","Yes","NP177","P03466","LPRRSGAAGA","38688","HLA-B7","PBMC","CD8",NA,NA,NA,NA,"TRBV12-5",NA,"TRBJ2-7","No","TGTGCCAGCAGCCTCTCTTACGAGCAGTACTTC",NA,28636589,NA
22,"CASSLSYEQYF",0,"CAVLNSGGYQKVTF","CASSLSYEQYF","Human","Cancer","Neoantigen","C050269",NA,"1","Yes","No","PIGN-FLT-P7H",NA,"FLTVFSHFM",NA,"HLA-A2",NA,NA,NA,NA,NA,NA,"TRBV6-2,6-3",NA,NA,NA,NA,NA,30418433,NA
22,"CASSLSYEQYF",0,NA,"CASSLSYEQYF","Human","Pathogens","M.Tuberculosis","D009169","Bulk","2.2","No","Yes",NA,NA,NA,NA,NA,"PBMC","CD4",NA,NA,NA,NA,"TRBV5-4",NA,NA,NA,NA,NA,32341563,NA
22,"CASSLSYEQYF",0,NA,"CASSLSYEQYF","Human","Pathogens","M.Tuberculosis","D009169","Bulk","2.2","No","Yes",NA,NA,NA,NA,NA,"PBMC","CD4",NA,NA,NA,NA,"TRBV5-6",NA,NA,NA,NA,NA,32341563,NA
24,"CASSSQETQYF",0,NA,"CASSSQETQYF","Human","Cancer","Colorectal cancer","D015179",NA,"3","No","Yes",NA,NA,NA,NA,NA,"Colon/rectum","CD8","TIL",NA,NA,NA,"TRBV2",NA,"TRBJ2-5","No","TGTGCCAGCAGCAGCCAAGAGACCCAGTACTTC",NA,27465739,NA
24,"CASSSQETQYF",0,NA,"CASSSQETQYF","Human","Cancer","Colorectal cancer","D015179",NA,"3","No","Yes",NA,NA,NA,NA,NA,"Colon/rectum","CD8","TIL",NA,NA,NA,"TRBV4-02",NA,"TRBJ2-5","No","TGTGCCAGCAGCAGCCAAGAGACCCAGTACTTC",NA,27465739,NA
24,"CASSSQETQYF",0,NA,"CASSSQETQYF","Human","Cancer","Colorectal cancer","D015179",NA,"3","No","Yes",NA,NA,NA,NA,NA,"Colon/rectum","CD8","TIL",NA,NA,NA,"TRBV2",NA,"TRBJ2-5","No","TGTGCCAGCAGTTCCCAAGAGACCCAGTACTTC",NA,27465739,NA
24,"CASSSQETQYF",0,NA,"CASSSQETQYF","Human","Cancer","Colorectal cancer","D015179",NA,"3","No","Yes",NA,NA,NA,NA,NA,"Colon/rectum","CD8","TIL",NA,NA,NA,"TRBV7-02",NA,"TRBJ2-5","No","TGTGCCAGCAGCTCCCAAGAGACCCAGTACTTC",NA,27465739,NA
24,"CASSSQETQYF",0,NA,"CASSSQETQYF","Human","Cancer","Colorectal cancer","D015179",NA,"3","No","Yes",NA,NA,NA,NA,NA,"Colon/rectum","CD8","TIL",NA,NA,NA,"TRBV7-08",NA,"TRBJ2-5","No","TGTGCCAGCAGCTCGCAAGAGACCCAGTACTTC",NA,27465739,NA
24,"CASSSQETQYF",0,NA,"CASSSQETQYF","Human","Cancer","Colorectal cancer","D015179",NA,"3","No","Yes",NA,NA,NA,NA,NA,"Colon/rectum","CD8","TIL",NA,NA,NA,"TRBV6-02,TRBV6-03",NA,"TRBJ2-5","No","TGTGCCAGCAGTTCCCAAGAGACCCAGTACTTC",NA,27465739,NA
24,"CASSSQETQYF",0,NA,"CASSSQETQYF","Human","Cancer","Colorectal cancer","D015179",NA,"3","No","Yes",NA,NA,NA,NA,NA,"Colon/rectum","CD8","TIL",NA,NA,NA,"TRBV7-06",NA,"TRBJ2-5","No","TGTGCCAGCAGCTCCCAAGAGACCCAGTACTTC",NA,27465739,NA
24,"CASSSQETQYF",0,NA,"CASSSQETQYF","Human","Cancer","Colorectal cancer","D015179",NA,"3","No","Yes",NA,NA,NA,NA,NA,"Colon/rectum","CD8","TIL",NA,NA,NA,"TRBV12-03/TRBV12-04",NA,"TRBJ2-5","No","TGTGCCAGCAGTTCGCAAGAGACCCAGTACTTC",NA,27465739,NA
24,"CASSSQETQYF",0,NA,"CASSSQETQYF","Human","Cancer","Colorectal cancer","D015179",NA,"3","No","Yes",NA,NA,NA,NA,NA,"Colon/rectum","CD8","TIL",NA,NA,NA,"TRBV5-04",NA,"TRBJ2-5","No","TGTGCCAGCAGCTCCCAAGAGACCCAGTACTTC",NA,27465739,NA
24,"CASSSQETQYF",0,NA,"CASSSQETQYF","Human","Cancer","Colorectal cancer","D015179",NA,"3","No","Yes",NA,NA,NA,NA,NA,"Colon/rectum","CD8","TIL",NA,NA,NA,"TRBV9",NA,"TRBJ2-5","No","TGTGCCAGCAGCAGCCAAGAGACCCAGTACTTC",NA,27465739,NA
24,"CASSSQETQYF",0,NA,"CASSSQETQYF","Human","Cancer","Colorectal cancer","D015179",NA,"3","No","Yes",NA,NA,NA,NA,NA,"Colon/rectum","CD8","TIL",NA,NA,NA,"TRBV6-06",NA,"TRBJ2-5","No","TGTGCCAGCAGTTCACAAGAGACCCAGTACTTC",NA,27465739,NA
24,"CASSSQETQYF",0,NA,"CASSSQETQYF","Human","Cancer","Colorectal cancer","D015179",NA,"3","No","Yes",NA,NA,NA,NA,NA,"Colon/rectum","CD8","TIL",NA,NA,NA,"TRBV27",NA,"TRBJ2-5","No","TGTGCCAGCAGTTCCCAAGAGACCCAGTACTTC",NA,27465739,NA
24,"CASSSQETQYF",0,NA,"CASSSQETQYF","Human","Cancer","Colorectal cancer","D015179",NA,"3","No","Yes",NA,NA,NA,NA,NA,"Colon/rectum","CD8","TIL",NA,NA,NA,"TRBV28",NA,"TRBJ2-5","No","TGTGCCAGCAGTTCTCAAGAGACCCAGTACTTC",NA,27465739,NA
24,"CASSSQETQYF",0,NA,"CASSSQETQYF","Human","Cancer","Colorectal cancer","D015179",NA,"3","No","Yes",NA,NA,NA,NA,NA,"Colon/rectum","CD8","TIL",NA,NA,NA,"TRBV5-01",NA,"TRBJ2-5","No","TGCGCCAGCAGCTCTCAAGAGACCCAGTACTTC",NA,27465739,NA
24,"CASSSQETQYF",0,NA,"CASSSQETQYF","Human","Cancer","Colorectal cancer","D015179",NA,"3","No","Yes",NA,NA,NA,NA,NA,"Colon/rectum","CD8","TIL",NA,NA,NA,"TRBV5-06",NA,"TRBJ2-5","No","TGTGCCAGCAGCTCGCAAGAGACCCAGTACTTC",NA,27465739,NA
25,"CASSLGGNTEAFF",0,NA,"CASSLGGNTEAFF","Human","Autoimmune","Celiac disease","D002446",NA,"2.2","No","Yes",NA,NA,NA,NA,NA,"Gut","CD4",NA,NA,NA,NA,"TRBV4-1",NA,NA,"No",NA,NA,29269859,NA
27,"CASSPSYEQYF",0,NA,"CASSPSYEQYF","Human","Autoimmune","Diabetes Type 1","D003947",NA,"3","No","Yes",NA,NA,NA,NA,"HLA-A*02","Pancreaticdraining lymph node","CD8",NA,NA,NA,NA,NA,NA,NA,"No",NA,NA,27942583,NA
28,"CASSLGGEQYF",0,NA,"CASSLGGEQYF","Mouse","Pathogens","Influenza","D009980","HKx31 strain","2.1","No","No","Polymerase acidic protein (Polymerase acidic protein (Polymerase acidic protein (PA)))","P03433","SSLENFRAYV","61151","H-2b","Spleen","CD8",NA,NA,"TRAV12","TRAJ30","TRBV29",NA,"TRBJ2-7","No",NA,"C57BL/6j",25804828,NA
28,"CASSLGGEQYF",0,"CALCGGSNYKLTF","CASSLGGEQYF","Mouse","Pathogens","Influenza","D009980",NA,"1","Yes","Yes","PA","P03433","SSLENFRAYV","61151","H-2Db","Bronchoalveolar","CD8",NA,NA,"TRAV6N-6:01","TRAJ5-01","TRBV2-01",NA,"TRBJ2-7:01","No",NA,"C57/BL6",28636592,NA
28,"CASSLGGEQYF",0,"CALGEGSNYKLTF","CASSLGGEQYF","Mouse","Pathogens","Influenza","D009980",NA,"1","Yes","Yes","PA","P03433","SSLENFRAYV","61151","H-2Db","Bronchoalveolar","CD8",NA,NA,"TRAV6D-6:02","TRAJ5-01","TRBV2-01",NA,"TRBJ2-7:01","No",NA,"C57/BL6",28636592,NA
28,"CASSLGGEQYF",0,"CILSGGSNYKLTF","CASSLGGEQYF","Mouse","Pathogens","Influenza","D009980",NA,"1","Yes","Yes","PA","P03433","SSLENFRAYV","61151","H-2Db","Bronchoalveolar","CD8",NA,NA,"TRAV2-01","TRAJ5-01","TRBV2-01",NA,"TRBJ2-7:01","No",NA,"C57/BL6",28636592,NA
29,"CASSSSYEQYF",0,NA,"CASSSSYEQYF","Human","Pathogens","Influenza","D009980",NA,"1","No","Yes","NP177","P03466","LPRRSGAAGA","38688","HLA-B7","PBMC","CD8",NA,NA,NA,NA,"TRBV5-1",NA,"TRBJ2-7","No","TGCGCCAGCAGTAGCTCCTACGAGCAGTACTTC",NA,28636589,NA
30,"CASSLGSSYEQYF",0,NA,"CASSLGSSYEQYF","Human","Cancer","Melanoma","D008545",NA,"2.1","No","No","gp100","P40967","YLEPGPVTA","74638","HLA-A2","PBMC",NA,NA,NA,NA,NA,"TRBV27",NA,"TRBJ2-7","No",NA,NA,8752841,NA
30,"CASSLGSSYEQYF",0,NA,"CASSLGSSYEQYF","Human","Pathogens","M.Tuberculosis","D009169",NA,"2.2","Yes","Yes",NA,NA,NA,NA,NA,"PBMC","CD4",NA,NA,"TRAV13-1","TRAJ39","TRBV28",NA,"TRBJ2-7",NA,NA,NA,32341563,NA
31,"CASSLTGNTEAFF",0,NA,"CASSLTGNTEAFF","Human","Pathogens","M.Tuberculosis","D009169","Bulk","2.2","No","Yes",NA,NA,NA,NA,NA,"PBMC","CD4",NA,NA,NA,NA,"TRBV7-2",NA,NA,NA,NA,NA,32341563,NA
32,"CASSLGQNTEAFF",0,NA,"CASSLGQNTEAFF","Human","Autoimmune","Celiac disease","D002446",NA,"2.2","No","Yes",NA,NA,NA,NA,NA,"PBMC","CD4",NA,NA,NA,NA,"TRBV7-2",NA,NA,"No",NA,NA,29269859,NA
32,"CASSLGQNTEAFF",0,NA,"CASSLGQNTEAFF","Human","Pathogens","M.Tuberculosis","D009169",NA,"2.2","Yes","Yes",NA,NA,NA,NA,NA,"PBMC","CD4",NA,NA,"TRAV6","TRAJ6","TRBV27",NA,"TRBJ1-1",NA,NA,NA,32341563,NA
34,"CASSLGAYEQYF",0,NA,"CASSLGAYEQYF","Human","Pathogens","Epstein Barr virus (EBV)","D020031",NA,"1","No","Yes","BMLF-1","Q04360","GLCTLVAML","20788","HLA-A2","PBMC","CD8",NA,NA,NA,NA,"TRBV7-8",NA,"TRBJ2-7","No","TGTGCCAGCAGCTTAGGAGCCTACGAGCAGTACTTC",NA,28636589,NA
36,"CASSLSTDTQYF",0,NA,"CASSLSTDTQYF","Human","Cancer","Colorectal cancer","D015179",NA,"3","No","Yes",NA,NA,NA,NA,NA,"Colon/rectum","CD8","TIL",NA,NA,NA,"TRBV5-01",NA,"TRBJ2-3","No","TGCGCCAGCAGCCTGAGCACAGATACGCAGTATTTT",NA,27465739,NA
36,"CASSLSTDTQYF",0,NA,"CASSLSTDTQYF","Human","Cancer","Colorectal cancer","D015179",NA,"3","No","Yes",NA,NA,NA,NA,NA,"Colon/rectum","CD8","TIL",NA,NA,NA,"TRBV6-01",NA,"TRBJ2-3","No","TGTGCCAGCAGTCTTAGCACAGATACGCAGTATTTT",NA,27465739,NA
36,"CASSLSTDTQYF",0,NA,"CASSLSTDTQYF","Human","Cancer","Colorectal cancer","D015179",NA,"3","No","Yes",NA,NA,NA,NA,NA,"Colon/rectum","CD8","TIL",NA,NA,NA,"TRBV6-06",NA,"TRBJ2-3","No","TGTGCCAGCAGTCTTAGCACAGATACGCAGTATTTT",NA,27465739,NA
36,"CASSLSTDTQYF",0,NA,"CASSLSTDTQYF","Human","Cancer","Colorectal cancer","D015179",NA,"3","No","Yes",NA,NA,NA,NA,NA,"Colon/rectum","CD8","TIL",NA,NA,NA,"TRBV6-01,TRBV6-06",NA,"TRBJ2-3","No","TGTGCCAGCAGTCTTAGCACAGATACGCAGTATTTT",NA,27465739,NA
36,"CASSLSTDTQYF",0,NA,"CASSLSTDTQYF","Human","Cancer","Colorectal cancer","D015179",NA,"3","No","Yes",NA,NA,NA,NA,NA,"Colon/rectum","CD8","TIL",NA,NA,NA,"TRBV6-01,TRBV6-05,TRBV6-06",NA,"TRBJ2-3","No","TGTGCCAGCAGTCTTAGCACAGATACGCAGTATTTT",NA,27465739,NA
36,"CASSLSTDTQYF",0,NA,"CASSLSTDTQYF","Human","Cancer","Colorectal cancer","D015179",NA,"3","No","Yes",NA,NA,NA,NA,NA,"Colon/rectum","CD8","TIL",NA,NA,NA,"TRBV7-02",NA,"TRBJ2-3","No","TGTGCCAGCAGCCTATCCACAGATACGCAGTATTTT",NA,27465739,NA
36,"CASSLSTDTQYF",0,NA,"CASSLSTDTQYF","Human","Cancer","Colorectal cancer","D015179",NA,"3","No","Yes",NA,NA,NA,NA,NA,"Colon/rectum","CD8","TIL",NA,NA,NA,"TRBV11-02",NA,"TRBJ2-3","No","TGTGCCAGCAGCTTATCTACAGATACGCAGTATTTT",NA,27465739,NA
36,"CASSLSTDTQYF",0,NA,"CASSLSTDTQYF","Human","Cancer","Colorectal cancer","D015179",NA,"3","No","Yes",NA,NA,NA,NA,NA,"Colon/rectum","CD8","TIL",NA,NA,NA,"TRBV7-06",NA,"TRBJ2-3","No","TGTGCCAGCAGCCTAAGCACAGATACGCAGTATTTT",NA,27465739,NA
36,"CASSLSTDTQYF",0,NA,"CASSLSTDTQYF","Human","Cancer","Colorectal cancer","D015179",NA,"3","No","Yes",NA,NA,NA,NA,NA,"Colon/rectum","CD8","TIL",NA,NA,NA,"TRBV7-07",NA,"TRBJ2-3","No","TGTGCCAGCAGCCTAAGCACAGATACGCAGTATTTT",NA,27465739,NA
36,"CASSLSTDTQYF",0,NA,"CASSLSTDTQYF","Human","Cancer","Colorectal cancer","D015179",NA,"3","No","Yes",NA,NA,NA,NA,NA,"Colon/rectum","CD8","TIL",NA,NA,NA,"TRBV7-08, TRBV7-02",NA,"TRBJ2-3","No","TGTGCCAGCAGCTTAAGCACAGATACGCAGTATTTT",NA,27465739,NA
36,"CASSLSTDTQYF",0,NA,"CASSLSTDTQYF","Human","Cancer","Colorectal cancer","D015179",NA,"3","No","Yes",NA,NA,NA,NA,NA,"Colon/rectum","CD8","TIL",NA,NA,NA,"TRBV5-04",NA,"TRBJ2-3","No","TGTGCCAGCAGCTTGAGTACAGATACGCAGTATTTT",NA,27465739,NA
36,"CASSLSTDTQYF",0,NA,"CASSLSTDTQYF","Human","Cancer","Colorectal cancer","D015179",NA,"3","No","Yes",NA,NA,NA,NA,NA,"Colon/rectum","CD8","TIL",NA,NA,NA,"TRBV12-03,TRBV12-04",NA,"TRBJ2-3","No","TGTGCCAGCAGTTTGAGCACAGATACGCAGTATTTT",NA,27465739,NA
36,"CASSLSTDTQYF",0,NA,"CASSLSTDTQYF","Human","Cancer","Colorectal cancer","D015179",NA,"3","No","Yes",NA,NA,NA,NA,NA,"Colon/rectum","CD8","TIL",NA,NA,NA,"TRBV7-09",NA,"TRBJ2-3","No","TGTGCCAGCAGCTTATCGACAGATACGCAGTATTTT",NA,27465739,NA
36,"CASSLSTDTQYF",0,NA,"CASSLSTDTQYF","Human","Cancer","Colorectal cancer","D015179",NA,"3","No","Yes",NA,NA,NA,NA,NA,"Colon/rectum","CD8","TIL",NA,NA,NA,"TRBV5-01",NA,"TRBJ2-3","No","TGCGCCAGCAGCCTAAGCACAGATACGCAGTATTTT",NA,27465739,NA
36,"CASSLSTDTQYF",0,NA,"CASSLSTDTQYF","Human","Cancer","Colorectal cancer","D015179",NA,"3","No","Yes",NA,NA,NA,NA,NA,"Colon/rectum","CD8","TIL",NA,NA,NA,"TRBV7-02",NA,"TRBJ2-3","No","TGTGCCAGCAGCCTAAGCACAGATACGCAGTATTTT",NA,27465739,NA
36,"CASSLSTDTQYF",0,NA,"CASSLSTDTQYF","Human","Cancer","Colorectal cancer","D015179",NA,"3","No","Yes",NA,NA,NA,NA,NA,"Colon/rectum","CD8","TIL",NA,NA,NA,"TRBV7-06",NA,"TRBJ2-3","No","TGTGCCAGCAGCCTTAGCACAGATACGCAGTATTTT",NA,27465739,NA
36,"CASSLSTDTQYF",0,NA,"CASSLSTDTQYF","Human","Cancer","Colorectal cancer","D015179",NA,"3","No","Yes",NA,NA,NA,NA,NA,"Colon/rectum","CD8","TIL",NA,NA,NA,"TRBV28",NA,"TRBJ2-3","No","TGTGCCAGCAGTTTGAGCACAGATACGCAGTATTTT",NA,27465739,NA
36,"CASSLSTDTQYF",0,NA,"CASSLSTDTQYF","Human","Cancer","Colorectal cancer","D015179",NA,"3","No","Yes",NA,NA,NA,NA,NA,"Colon/rectum","CD8","TIL",NA,NA,NA,"TRBV28",NA,"TRBJ2-3","No","TGTGCCAGCAGTTTGTCTACCGATACGCAGTATTTT",NA,27465739,NA
36,"CASSLSTDTQYF",0,NA,"CASSLSTDTQYF","Human","Cancer","Colorectal cancer","D015179",NA,"3","No","Yes",NA,NA,NA,NA,NA,"Colon/rectum","CD8","TIL",NA,NA,NA,"TRBV19",NA,"TRBJ2-3","No","TGTGCCAGTAGTCTCTCCACAGATACGCAGTATTTT",NA,27465739,NA
36,"CASSLSTDTQYF",0,NA,"CASSLSTDTQYF","Human","Cancer","Colorectal cancer","D015179",NA,"3","No","Yes",NA,NA,NA,NA,NA,"Colon/rectum","CD8","TIL",NA,NA,NA,"TRBV13",NA,"TRBJ2-3","No","TGTGCCAGCAGCTTAAGCACAGATACGCAGTATTTT",NA,27465739,NA
36,"CASSLSTDTQYF",0,NA,"CASSLSTDTQYF","Human","Cancer","Colorectal cancer","D015179",NA,"3","No","Yes",NA,NA,NA,NA,NA,"Colon/rectum","CD8","TIL",NA,NA,NA,"TRBV7-02",NA,"TRBJ2-3","No","TGTGCCAGCAGCTTATCGACAGATACGCAGTATTTT",NA,27465739,NA
36,"CASSLSTDTQYF",0,NA,"CASSLSTDTQYF","Human","Cancer","Colorectal cancer","D015179",NA,"3","No","Yes",NA,NA,NA,NA,NA,"Colon/rectum","CD8","TIL",NA,NA,NA,"TRBV7-03",NA,"TRBJ2-3","No","TGTGCCAGCAGCCTAAGCACAGATACGCAGTATTTT",NA,27465739,NA
36,"CASSLSTDTQYF",0,NA,"CASSLSTDTQYF","Human","Cancer","Colorectal cancer","D015179",NA,"3","No","Yes",NA,NA,NA,NA,NA,"Colon/rectum","CD8","TIL",NA,NA,NA,"TRBV28",NA,"TRBJ2-3","No","TGTGCCAGCAGTTTAAGCACCGATACGCAGTATTTT",NA,27465739,NA
37,"CASSLAGGTDTQYF",0,"CALSGNTPLVF","CASSLAGGTDTQYF","Human","Pathogens","M. tuberculosis","D009169",NA,"2.2","Yes","Yes",NA,NA,NA,NA,NA,"PBMC","CD8",NA,NA,NA,"TRAJ29","TRBV6-4",NA,"TRBJ2-3",NA,NA,NA,30992377,NA
38,"CASSLGQGAYEQYF",0,NA,"CASSLGQGAYEQYF","Human","Autoimmune","Diabetes Type 1","D003947",NA,"3","No","Yes",NA,NA,NA,NA,"HLA-A*02","Pancreaticdraining lymph node","CD8",NA,NA,NA,NA,NA,NA,NA,"No",NA,NA,27942583,NA
39,"CASSLAYEQYF",0,NA,"CASSLAYEQYF","Human","Autoimmune","Diabetes Type 1","D003947",NA,"3","No","Yes",NA,NA,NA,NA,"HLA-A*02","Pancreaticdraining lymph node","CD8",NA,NA,NA,NA,NA,NA,NA,"No",NA,NA,27942583,NA
39,"CASSLAYEQYF",0,"CAGAEISGGGADGLTF","CASSLAYEQYF","Human","Cancer","Neoantigen","C050269",NA,"1","Yes",NA,"PGM5",NA,"AVGSHVYSV",NA,"HLA-A2",NA,NA,NA,NA,"TRAV12-1",NA,"TRBV3-1",NA,NA,NA,NA,NA,30418433,NA
42,"CASSLGQGNTEAFF",0,NA,"CASSLGQGNTEAFF","Human","Pathogens","Influenza","D009980",NA,"1","No","Yes","NP177","P03466","LPRRSGAAGA","38688","HLA-B7","PBMC","CD8",NA,NA,NA,NA,"TRBV7-3",NA,"TRBJ1-1","No","TGTGCCAGCAGCTTAGGACAGGGAAACACTGAAGCTTTCTTT",NA,28636589,NA
42,"CASSLGQGNTEAFF",0,NA,"CASSLGQGNTEAFF","Human","Pathogens","M.Tuberculosis","D009169","Bulk","2.2","No","Yes",NA,NA,NA,NA,NA,"PBMC","CD4",NA,NA,NA,NA,"TRBV7-9",NA,NA,NA,NA,NA,32341563,NA
44,"CASSLGGNQPQHF",0,NA,"CASSLGGNQPQHF","Human","Cancer","Colorectal cancer","D015179",NA,"3","No","Yes",NA,NA,NA,NA,NA,"Colon/rectum","CD8","TIL",NA,NA,NA,"TRBV28",NA,"TRBJ1-5","No","TGTGCCAGCAGTCTGGGGGGGAATCAGCCCCAGCATTTT",NA,27465739,NA
44,"CASSLGGNQPQHF",0,NA,"CASSLGGNQPQHF","Human","Cancer","Colorectal cancer","D015179",NA,"3","No","Yes",NA,NA,NA,NA,NA,"Colon/rectum","CD8","TIL",NA,NA,NA,"TRBV7-08",NA,"TRBJ1-5","No","TGTGCCAGCAGCTTAGGGGGGAATCAGCCCCAGCATTTT",NA,27465739,NA
44,"CASSLGGNQPQHF",0,NA,"CASSLGGNQPQHF","Human","Cancer","Colorectal cancer","D015179",NA,"3","No","Yes",NA,NA,NA,NA,NA,"Colon/rectum","CD8","TIL",NA,NA,NA,"TRBV7-08/TRBV7-02",NA,"TRBJ1-5","No","TGTGCCAGCAGCTTAGGGGGGAATCAGCCCCAGCATTTT",NA,27465739,NA
44,"CASSLGGNQPQHF",0,NA,"CASSLGGNQPQHF","Human","Cancer","Colorectal cancer","D015179",NA,"3","No","Yes",NA,NA,NA,NA,NA,"Colon/rectum","CD8","TIL",NA,NA,NA,"TRBV12-03/TRBV12-04",NA,"TRBJ1-5","No","TGTGCCAGCAGTTTAGGAGGAAATCAGCCCCAGCATTTT",NA,27465739,NA
44,"CASSLGGNQPQHF",0,NA,"CASSLGGNQPQHF","Human","Cancer","Colorectal cancer","D015179",NA,"3","No","Yes",NA,NA,NA,NA,NA,"Colon/rectum","CD8","TIL",NA,NA,NA,"TRBV27",NA,"TRBJ1-5","No","TGTGCCAGCAGTTTAGGTGGAAATCAGCCCCAGCATTTT",NA,27465739,NA
44,"CASSLGGNQPQHF",0,NA,"CASSLGGNQPQHF","Human","Cancer","Colorectal cancer","D015179",NA,"3","No","Yes",NA,NA,NA,NA,NA,"Colon/rectum","CD8","TIL",NA,NA,NA,"TRBV7-03",NA,"TRBJ1-5","No","TGTGCCAGCAGCTTAGGGGGTAACCAGCCCCAGCATTTT",NA,27465739,NA
44,"CASSLGGNQPQHF",0,NA,"CASSLGGNQPQHF","Human","Cancer","Colorectal cancer","D015179",NA,"3","No","Yes",NA,NA,NA,NA,NA,"Colon/rectum","CD8","TIL",NA,NA,NA,"TRBV7-03",NA,"TRBJ1-5","No","TGTGCCAGCAGCTTAGGAGGAAATCAGCCCCAGCATTTT",NA,27465739,NA
44,"CASSLGGNQPQHF",0,NA,"CASSLGGNQPQHF","Human","Cancer","Colorectal cancer","D015179",NA,"3","No","Yes",NA,NA,NA,NA,NA,"Colon/rectum","CD8","TIL",NA,NA,NA,"TRBV7-02",NA,"TRBJ1-5","No","TGTGCCAGCAGCTTGGGCGGGAATCAGCCCCAGCATTTT",NA,27465739,NA
44,"CASSLGGNQPQHF",0,NA,"CASSLGGNQPQHF","Human","Cancer","Colorectal cancer","D015179",NA,"3","No","Yes",NA,NA,NA,NA,NA,"Colon/rectum","CD8","TIL",NA,NA,NA,"TRBV4",NA,"TRBJ1-5","No","TGTGCCAGCAGCTTAGGGGGGAATCAGCCCCAGCATTTT",NA,27465739,NA
44,"CASSLGGNQPQHF",0,NA,"CASSLGGNQPQHF","Human","Cancer","Colorectal cancer","D015179",NA,"3","No","Yes",NA,NA,NA,NA,NA,"Colon/rectum","CD8","TIL",NA,NA,NA,"TRBV7-09",NA,"TRBJ1-5","No","TGTGCCAGCAGCTTAGGGGGGAATCAGCCCCAGCATTTT",NA,27465739,NA
44,"CASSLGGNQPQHF",0,NA,"CASSLGGNQPQHF","Human","Cancer","Colorectal cancer","D015179",NA,"3","No","Yes",NA,NA,NA,NA,NA,"Colon/rectum","CD8","TIL",NA,NA,NA,"TRBV7-02",NA,"TRBJ1-5","No","TGTGCCAGCAGCCTTGGGGGCAATCAGCCCCAGCATTTT",NA,27465739,NA
44,"CASSLGGNQPQHF",0,NA,"CASSLGGNQPQHF","Human","Cancer","Colorectal cancer","D015179",NA,"3","No","Yes",NA,NA,NA,NA,NA,"Colon/rectum","CD8","TIL",NA,NA,NA,"TRBV7-02",NA,"TRBJ1-5","No","TGTGCCAGCAGCTTAGGAGGCAATCAGCCCCAGCATTTT",NA,27465739,NA
44,"CASSLGGNQPQHF",0,NA,"CASSLGGNQPQHF","Human","Cancer","Colorectal cancer","D015179",NA,"3","No","Yes",NA,NA,NA,NA,NA,"Colon/rectum","CD8","TIL",NA,NA,NA,"TRBV12-03,TRBV12-04",NA,"TRBJ1-5","No","TGTGCCAGCAGTTTAGGGGGGAATCAGCCCCAGCATTTT",NA,27465739,NA
44,"CASSLGGNQPQHF",0,NA,"CASSLGGNQPQHF","Human","Cancer","Colorectal cancer","D015179",NA,"3","No","Yes",NA,NA,NA,NA,NA,"Colon/rectum","CD8","TIL",NA,NA,NA,"TRBV7-08",NA,"TRBJ1-5","No","TGTGCCAGCAGCTTAGGAGGCAATCAGCCCCAGCATTTT",NA,27465739,NA
44,"CASSLGGNQPQHF",0,NA,"CASSLGGNQPQHF","Human","Cancer","Colorectal cancer","D015179",NA,"3","No","Yes",NA,NA,NA,NA,NA,"Colon/rectum","CD8","TIL",NA,NA,NA,"TRBV7-02",NA,"TRBJ1-5","No","TGTGCCAGCAGCTTAGGGGGCAATCAGCCCCAGCATTTT",NA,27465739,NA
44,"CASSLGGNQPQHF",0,NA,"CASSLGGNQPQHF","Human","Cancer","Colorectal cancer","D015179",NA,"3","No","Yes",NA,NA,NA,NA,NA,"Colon/rectum","CD8","TIL",NA,NA,NA,"TRBV7-09",NA,"TRBJ1-5","No","TGTGCCAGCAGCTTGGGAGGCAATCAGCCCCAGCATTTT",NA,27465739,NA
44,"CASSLGGNQPQHF",0,NA,"CASSLGGNQPQHF","Human","Cancer","Colorectal cancer","D015179",NA,"3","No","Yes",NA,NA,NA,NA,NA,"Colon/rectum","CD8","TIL",NA,NA,NA,"TRBV5-05",NA,"TRBJ1-5","No","TGTGCCAGCAGCTTGGGAGGTAATCAGCCCCAGCATTTT",NA,27465739,NA
44,"CASSLGGNQPQHF",0,NA,"CASSLGGNQPQHF","Human","Cancer","Colorectal cancer","D015179",NA,"3","No","Yes",NA,NA,NA,NA,NA,"Colon/rectum","CD8","TIL",NA,NA,NA,"TRBV7-09",NA,"TRBJ1-5","No","TGTGCCAGCAGCTTGGGCGGGAATCAGCCCCAGCATTTT",NA,27465739,NA
44,"CASSLGGNQPQHF",0,NA,"CASSLGGNQPQHF","Human","Cancer","Colorectal cancer","D015179",NA,"3","No","Yes",NA,NA,NA,NA,NA,"Colon/rectum","CD8","TIL",NA,NA,NA,"TRBV12-03,TRBV12-04",NA,"TRBJ1-5","No","TGTGCCAGCAGTTTAGGGGGCAATCAGCCCCAGCATTTT",NA,27465739,NA
44,"CASSLGGNQPQHF",0,NA,"CASSLGGNQPQHF","Human","Cancer","Colorectal cancer","D015179",NA,"3","No","Yes",NA,NA,NA,NA,NA,"Colon/rectum","CD8","TIL",NA,NA,NA,"TRBV28",NA,"TRBJ1-5","No","TGTGCCAGCAGTTTAGGGGGTAATCAGCCCCAGCATTTT",NA,27465739,NA
44,"CASSLGGNQPQHF",0,NA,"CASSLGGNQPQHF","Human","Cancer","Colorectal cancer","D015179",NA,"3","No","Yes",NA,NA,NA,NA,NA,"Colon/rectum","CD8","TIL",NA,NA,NA,"TRBV11-02",NA,"TRBJ1-5","No","TGTGCCAGCAGCTTAGGGGGCAATCAGCCCCAGCATTTT",NA,27465739,NA
44,"CASSLGGNQPQHF",0,NA,"CASSLGGNQPQHF","Human","Cancer","Colorectal cancer","D015179",NA,"3","No","Yes",NA,NA,NA,NA,NA,"Colon/rectum","CD8","TIL",NA,NA,NA,"TRBV11-02",NA,"TRBJ1-5","No","TGTGCCAGCAGCTTAGGAGGGAATCAGCCCCAGCATTTT",NA,27465739,NA
44,"CASSLGGNQPQHF",0,NA,"CASSLGGNQPQHF","Human","Cancer","Colorectal cancer","D015179",NA,"3","No","Yes",NA,NA,NA,NA,NA,"Colon/rectum","CD8","TIL",NA,NA,NA,"TRBV11-02",NA,"TRBJ1-5","No","TGTGCCAGCAGCTTAGGGGGAAATCAGCCCCAGCATTTT",NA,27465739,NA
44,"CASSLGGNQPQHF",0,NA,"CASSLGGNQPQHF","Human","Cancer","Colorectal cancer","D015179",NA,"3","No","Yes",NA,NA,NA,NA,NA,"Colon/rectum","CD8","TIL",NA,NA,NA,"TRBV11-02",NA,"TRBJ1-5","No","TGTGCCAGCAGCTTAGGGGGGAACCAGCCCCAGCATTTT",NA,27465739,NA
44,"CASSLGGNQPQHF",0,NA,"CASSLGGNQPQHF","Human","Pathogens","Influenza","D009980",NA,"1","No","Yes","NP177","P03466","LPRRSGAAGA","38688","HLA-B7","PBMC","CD8",NA,NA,NA,NA,"TRBV7-6",NA,"TRBJ1-5","No","TGTGCCAGCAGCTTAGGGGGCAATCAGCCCCAGCATTTT",NA,28636589,NA
44,"CASSLGGNQPQHF",0,NA,"CASSLGGNQPQHF","Human","Autoimmune","Celiac disease","D002446",NA,"2.2","No","Yes",NA,NA,NA,NA,NA,"Gut","CD4",NA,NA,NA,NA,"TRBV7-8",NA,NA,"No",NA,NA,29269859,NA
44,"CASSLGGNQPQHF",0,NA,"CASSLGGNQPQHF","Human","Autoimmune","Diabetes Type 1","D003947",NA,"3","No","Yes",NA,NA,NA,NA,"HLA-A*02","Pancreaticdraining lymph node","CD8",NA,NA,NA,NA,NA,NA,NA,"No",NA,NA,27942583,NA
44,"CASSLGGNQPQHF",0,NA,"CASSLGGNQPQHF","Human","Autoimmune","Inflammatory bowel disease (IBD) ","D015212","Chrohn's disease and Ulceritive colitis","2.2","No","Yes","Flagellin ","P22251",NA,NA,NA,"PBMC","CD4",NA,NA,NA,NA,"TRBV11-3",NA,"TRBJ1-5","No",NA,NA,29988119,NA
44,"CASSLGGNQPQHF",0,NA,"CASSLGGNQPQHF","Human","Autoimmune","Inflammatory bowel disease (IBD) ","D015212","Chrohn's disease and Ulceritive colitis","2.2","No","Yes","Flagellin ","P22251",NA,NA,NA,"PBMC","CD4",NA,NA,NA,NA,"TRBV5-6",NA,"TRBJ1-5","No",NA,NA,29988119,NA
44,"CASSLGGNQPQHF",0,NA,"CASSLGGNQPQHF","Human","Pathogens","M.Tuberculosis","D009169","Bulk","2.2","No","Yes",NA,NA,NA,NA,NA,"PBMC","CD4",NA,NA,NA,NA,"TRBV5-1",NA,NA,NA,NA,NA,32341563,NA
45,"CASSLAGSYEQYF",0,NA,"CASSLAGSYEQYF","Human","Pathogens","Influenza","D009980",NA,"1","No","Yes","NP177","P03466","LPRRSGAAGA","38688","HLA-B7","PBMC","CD8",NA,NA,NA,NA,"TRBV7-7",NA,"TRBJ2-7","No","TGTGCTAGCAGCTTAGCCGGATCCTACGAGCAGTACTTC",NA,28636589,NA
46,"CASSLTDTQYF",0,NA,"CASSLTDTQYF","Human","Allergy","Allergy","D063926","Drug reaction with eosinophilia and systemic symptoms","3","No","No",NA,NA,NA,NA,NA,"PBMC","CD8",NA,NA,NA,NA,NA,NA,"TRBJ2-3","No",NA,NA,25905582,NA
46,"CASSLTDTQYF",0,"CAMSGSSGSARQLTF","CASSLTDTQYF","Human","Cancer","Breast Cancer","D001943",NA,"2.4","No","No",NA,NA,NA,NA,"HLA-A*02:01","Breast","CD8","TIL",NA,"TRAV12-3","TRAJ22","TRBV7-02",NA,"TRBJ2-3","No",NA,NA,27307436,NA
46,"CASSLTDTQYF",0,NA,"CASSLTDTQYF","Human","Cancer","Colorectal cancer","D015179",NA,"3","No","Yes",NA,NA,NA,NA,NA,"Colon/rectum","CD8","TIL",NA,NA,NA,"TRBV12-03,TRBV12-04",NA,"TRBJ2-3","No","TGTGCCAGCAGTCTCACAGATACGCAGTATTTT",NA,27465739,NA
46,"CASSLTDTQYF",0,NA,"CASSLTDTQYF","Human","Cancer","Colorectal cancer","D015179",NA,"3","No","Yes",NA,NA,NA,NA,NA,"Colon/rectum","CD8","TIL",NA,NA,NA,"TRBV7-09",NA,"TRBJ2-3","No","TGTGCCAGCAGCCTCACAGATACGCAGTATTTT",NA,27465739,NA
46,"CASSLTDTQYF",0,NA,"CASSLTDTQYF","Human","Cancer","Colorectal cancer","D015179",NA,"3","No","Yes",NA,NA,NA,NA,NA,"Colon/rectum","CD8","TIL",NA,NA,NA,"TRBV4-01",NA,"TRBJ2-3","No","TGCGCCAGCAGCCTCACAGATACGCAGTATTTT",NA,27465739,NA
46,"CASSLTDTQYF",0,NA,"CASSLTDTQYF","Human","Cancer","Colorectal cancer","D015179",NA,"3","No","Yes",NA,NA,NA,NA,NA,"Colon/rectum","CD8","TIL",NA,NA,NA,"TRBV28",NA,"TRBJ2-3","No","TGTGCCAGCAGTCTAACGGATACGCAGTATTTT",NA,27465739,NA
46,"CASSLTDTQYF",0,NA,"CASSLTDTQYF","Human","Cancer","Colorectal cancer","D015179",NA,"3","No","Yes",NA,NA,NA,NA,NA,"Colon/rectum","CD8","TIL",NA,NA,NA,"TRBV5-01",NA,"TRBJ2-3","No","TGCGCCAGCAGCTTGACAGATACGCAGTATTTT",NA,27465739,NA
46,"CASSLTDTQYF",0,NA,"CASSLTDTQYF","Human","Cancer","Colorectal cancer","D015179",NA,"3","No","Yes",NA,NA,NA,NA,NA,"Colon/rectum","CD8","TIL",NA,NA,NA,"TRBV12-03,TRBV12-04",NA,"TRBJ2-3","No","TGTGCCAGCAGCCTCACAGATACGCAGTATTTT",NA,27465739,NA
46,"CASSLTDTQYF",0,NA,"CASSLTDTQYF","Human","Cancer","Colorectal cancer","D015179",NA,"3","No","Yes",NA,NA,NA,NA,NA,"Colon/rectum","CD8","TIL",NA,NA,NA,"TRBV7-02",NA,"TRBJ2-3","No","TGTGCCAGCAGCTTAACAGATACGCAGTATTTT",NA,27465739,NA
46,"CASSLTDTQYF",0,NA,"CASSLTDTQYF","Human","Cancer","Colorectal cancer","D015179",NA,"3","No","Yes",NA,NA,NA,NA,NA,"Colon/rectum","CD8","TIL",NA,NA,NA,"TRBV11-02",NA,"TRBJ2-3","No","TGTGCCAGCAGCTTAACCGATACGCAGTATTTT",NA,27465739,NA
46,"CASSLTDTQYF",0,NA,"CASSLTDTQYF","Human","Cancer","Colorectal cancer","D015179",NA,"3","No","Yes",NA,NA,NA,NA,NA,"Colon/rectum","CD8","TIL",NA,NA,NA,"TRBV3-01",NA,"TRBJ2-3","No","TGTGCCAGCAGCCTCACAGATACGCAGTATTTT",NA,27465739,NA
46,"CASSLTDTQYF",0,NA,"CASSLTDTQYF","Human","Cancer","Colorectal cancer","D015179",NA,"3","No","Yes",NA,NA,NA,NA,NA,"Colon/rectum","CD8","TIL",NA,NA,NA,"TRBV9",NA,"TRBJ2-3","No","TGTGCCAGCAGCCTCACAGATACGCAGTATTTT",NA,27465739,NA
46,"CASSLTDTQYF",0,NA,"CASSLTDTQYF","Human","Cancer","Colorectal cancer","D015179",NA,"3","No","Yes",NA,NA,NA,NA,NA,"Colon/rectum","CD8","TIL",NA,NA,NA,"TRBV14",NA,"TRBJ2-3","No","TGTGCCAGCAGCCTTACAGATACGCAGTATTTT",NA,27465739,NA
46,"CASSLTDTQYF",0,NA,"CASSLTDTQYF","Human","Cancer","Colorectal cancer","D015179",NA,"3","No","Yes",NA,NA,NA,NA,NA,"Colon/rectum","CD8","TIL",NA,NA,NA,"TRBV7-02",NA,"TRBJ2-3","No","TGTGCCAGCAGCCTTACTGATACGCAGTATTTT",NA,27465739,NA
46,"CASSLTDTQYF",0,NA,"CASSLTDTQYF","Human","Cancer","Colorectal cancer","D015179",NA,"3","No","Yes",NA,NA,NA,NA,NA,"Colon/rectum","CD8","TIL",NA,NA,NA,"TRBV7-02",NA,"TRBJ2-3","No","TGTGCCAGCAGCTTAACCGATACGCAGTATTTT",NA,27465739,NA
46,"CASSLTDTQYF",0,NA,"CASSLTDTQYF","Human","Cancer","Colorectal cancer","D015179",NA,"3","No","Yes",NA,NA,NA,NA,NA,"Colon/rectum","CD8","TIL",NA,NA,NA,"TRBV6-02,TRBV6-03",NA,"TRBJ2-3","No","TGTGCCAGCAGCCTCACAGATACGCAGTATTTT",NA,27465739,NA
46,"CASSLTDTQYF",0,NA,"CASSLTDTQYF","Human","Cancer","Colorectal cancer","D015179",NA,"3","No","Yes",NA,NA,NA,NA,NA,"Colon/rectum","CD8","TIL",NA,NA,NA,"TRBV11-02",NA,"TRBJ2-3","No","TGTGCCAGCAGCCTGACAGATACGCAGTATTTT",NA,27465739,NA
46,"CASSLTDTQYF",0,NA,"CASSLTDTQYF","Human","Cancer","Colorectal cancer","D015179",NA,"3","No","Yes",NA,NA,NA,NA,NA,"Colon/rectum","CD8","TIL",NA,NA,NA,"TRBV6-02,TRBV6-03",NA,"TRBJ2-3","No","TGTGCCAGCAGTCTCACAGATACGCAGTATTTT",NA,27465739,NA
46,"CASSLTDTQYF",0,NA,"CASSLTDTQYF","Human","Cancer","Colorectal cancer","D015179",NA,"3","No","Yes",NA,NA,NA,NA,NA,"Colon/rectum","CD8","TIL",NA,NA,NA,"TRBV6-02,TRBV6-03",NA,"TRBJ2-3","No","TGTGCCAGCAGTTTGACAGATACGCAGTATTTT",NA,27465739,NA
46,"CASSLTDTQYF",0,NA,"CASSLTDTQYF","Human","Cancer","Colorectal cancer","D015179",NA,"3","No","Yes",NA,NA,NA,NA,NA,"Colon/rectum","CD8","TIL",NA,NA,NA,"TRBV6-06",NA,"TRBJ2-3","No","TGTGCCAGCAGCCTCACAGATACGCAGTATTTT",NA,27465739,NA
46,"CASSLTDTQYF",0,NA,"CASSLTDTQYF","Human","Cancer","Colorectal cancer","D015179",NA,"3","No","Yes",NA,NA,NA,NA,NA,"Colon/rectum","CD8","TIL",NA,NA,NA,"TRBV7-02",NA,"TRBJ2-3","No","TGTGCCAGCAGCCTCACAGATACGCAGTATTTT",NA,27465739,NA
46,"CASSLTDTQYF",0,NA,"CASSLTDTQYF","Human","Cancer","Colorectal cancer","D015179",NA,"3","No","Yes",NA,NA,NA,NA,NA,"Colon/rectum","CD8","TIL",NA,NA,NA,"TRBV7-03",NA,"TRBJ2-3","No","TGTGCCAGCAGCTTAACAGATACGCAGTATTTT",NA,27465739,NA
46,"CASSLTDTQYF",0,NA,"CASSLTDTQYF","Human","Cancer","Colorectal cancer","D015179",NA,"3","No","Yes",NA,NA,NA,NA,NA,"Colon/rectum","CD8","TIL",NA,NA,NA,"TRBV11-03",NA,"TRBJ2-3","No","TGTGCCAGCAGCCTCACAGATACGCAGTATTTT",NA,27465739,NA
46,"CASSLTDTQYF",0,NA,"CASSLTDTQYF","Human","Cancer","Colorectal cancer","D015179",NA,"3","No","Yes",NA,NA,NA,NA,NA,"Colon/rectum","CD8","TIL",NA,NA,NA,"TRBV13",NA,"TRBJ2-3","No","TGTGCCAGCAGCTTAACAGATACGCAGTATTTT",NA,27465739,NA
46,"CASSLTDTQYF",0,NA,"CASSLTDTQYF","Human","Pathogens","Cytomegalovirus (CMV)","D003586",NA,"1","No","Yes","pp50","P16790","VTEHDTLLY","71290","HLA-A1","PBMC","CD8",NA,NA,NA,NA,"TRBV7-2",NA,"TRBJ2-3","No","TGTGCCAGCAGCTTAACAGATACGCAGTATTTT",NA,28636589,NA
46,"CASSLTDTQYF",0,NA,"CASSLTDTQYF","Human","Pathogens","Influenza","D009980",NA,"1","No","Yes","NP177","P03466","LPRRSGAAGA","38688","HLA-B7","PBMC","CD8",NA,NA,NA,NA,"TRBV7-8",NA,"TRBJ2-3","No","TGTGCCAGCAGCTTAACAGATACGCAGTATTTT",NA,28636589,NA
47,"CASSLGTDTQYF",0,NA,"CASSLGTDTQYF","Human","Autoimmune","Celiac disease","D002446",NA,"2.2","No","Yes",NA,NA,NA,NA,NA,"PBMC","CD4",NA,NA,NA,NA,"TRBV7-3",NA,NA,"No",NA,NA,29269859,NA
47,"CASSLGTDTQYF",0,NA,"CASSLGTDTQYF","Human","Autoimmune","Diabetes Type 1","D003947",NA,"3","No","Yes",NA,NA,NA,NA,"HLA-A*02","Pancreaticdraining lymph node","CD8",NA,NA,NA,NA,NA,NA,NA,"No",NA,NA,27942583,NA
48,"CASSQGYEQYF",0,"CALNTGNQFYF","CASSQGYEQYF","Human","Cancer","Neoantigen","C050269",NA,"1","Yes","No","PLXNB1-VLF",NA,"VLFAAFSSA",NA,"HLA-A2",NA,NA,NA,NA,NA,NA,"TRBV4-2",NA,NA,NA,NA,NA,30418433,NA
48,"CASSQGYEQYF",0,"CVVSDRGSTLGRLYF","CASSQGYEQYF","Human","Pathogens","M. tuberculosis","D009169",NA,"2.2","Yes","Yes",NA,NA,NA,NA,NA,"PBMC","CD8","iNKT",NA,NA,"TRAJ18","TRBV25-1",NA,"TRBJ2-7",NA,NA,NA,30992377,NA
51,"CASSLGNEQFF",0,NA,"CASSLGNEQFF","Human","Pathogens","Cytomegalovirus (CMV)","D003586",NA,"1","Yes","Yes","pp65","P06725","NLVPMVATV","44920","HLA-A2","PBMC","CD8",NA,NA,NA,NA,"TRBV20-1",NA,"TRBJ2-1","No",NA,NA,28423320,NA
53,"CASSLDSYEQYF",0,NA,"CASSLDSYEQYF","Human","Pathogens","Human immunodeficiency virus (HIV)","D006678","Human immunodeficiency virus (HIV)","1","No","No","p24 KK10","P04585","KRWIILGLNK","33250","HLA-B*27:05","PBMC","CD8",NA,NA,NA,NA,"TRBV7-09",NA,"TRBJ2-7","No",NA,NA,21734237,NA
54,"CASSLGGSSYEQYF",0,NA,"CASSLGGSSYEQYF","Human","Cancer","Colorectal cancer","D015179",NA,"3","No","Yes",NA,NA,NA,NA,NA,"Colon/rectum","CD8","TIL",NA,NA,NA,"TRBV7-09",NA,"TRBJ2-7","No",NA,NA,23771160,NA
54,"CASSLGGSSYEQYF",0,NA,"CASSLGGSSYEQYF","Human","Pathogens","M.Tuberculosis","D009169","Bulk","2.2","No","Yes",NA,NA,NA,NA,NA,"PBMC","CD4",NA,NA,NA,NA,"TRBV7-6",NA,NA,NA,NA,NA,32341563,NA
55,"CASSLAGYEQYF",0,NA,"CASSLAGYEQYF","Human","Pathogens","Cytomegalovirus (CMV)","D003586",NA,"1","No","Yes","pp65","P06725","NLVPMVATV","44920","HLA-A2","PBMC","CD8",NA,NA,NA,NA,"TRBV12-3",NA,"TRBJ2-7","No","TGTGCCAGCAGTTTAGCAGGCTACGAGCAGTACTTC",NA,28636589,NA
56,"CASSLNTEAFF",0,"CAECGGNNDMRF","CASSLNTEAFF","Human","Cancer","Neoantigen","C050269",NA,"1","Yes","No","SREBF1-YLQ-L6M",NA,"YLQDSMATT",NA,"HLA-A2",NA,NA,NA,NA,"TRAV27",NA,"TRBV28",NA,NA,NA,NA,NA,30418433,NA
56,"CASSLNTEAFF",0,NA,"CASSLNTEAFF","Human","Pathogens","M.Tuberculosis","D009169","Bulk","2.2","No","Yes",NA,NA,NA,NA,NA,"PBMC","CD4",NA,NA,NA,NA,"TRBV5-1",NA,NA,NA,NA,NA,32341563,NA
59,"CASSLRNTEAFF",0,"CAVQAGSNYQLIW","CASSLRNTEAFF","Human","Pathogens","M.Tuberculosis","D009169",NA,"2.2","Yes","Yes",NA,NA,NA,NA,NA,"PBMC","CD4",NA,NA,NA,"TRAJ33 52 0","TRBV12-3",NA,"TRBJ1-1",NA,NA,NA,32341563,NA
60,"CASSPGQGYEQYF",0,"CALQGTGSKLSF","CASSPGQGYEQYF","Mouse","Pathogens","Influenza","D009980",NA,"1","Yes","Yes","PB1","P03431","SSYRRPVGI","61497","H-2Kb","Bronchoalveolar","CD8",NA,NA,"TRAV12N-3:01","TRAJ5-01","TRBV13-1",NA,"TRBJ2-7:01","No",NA,"C57/BL6",28636592,NA
60,"CASSPGQGYEQYF",0,"CALSGSGYNKLTF","CASSPGQGYEQYF","Mouse","Pathogens","Influenza","D009980",NA,"1","Yes","Yes","PB1","P03431","SSYRRPVGI","61497","H-2Kb","Bronchoalveolar","CD8",NA,NA,"TRAV9N-4:01","TRAJ1-01","TRBV1-01",NA,"TRBJ2-7:01","No",NA,"C57/BL6",28636592,NA
60,"CASSPGQGYEQYF",0,"CAVVKTSYDKVIF","CASSPGQGYEQYF","Human","Cancer","Neoantigen","C050269",NA,"1","Yes","No","ATP6AP1-KLG-G3W","Q15904","KLWASPLHV","606794","HLA-A2",NA,NA,NA,NA,NA,NA,"TRBV4-1",NA,NA,NA,NA,NA,30418433,NA
60,"CASSPGQGYEQYF",0,"CAVGEDGQNFVF","CASSPGQGYEQYF","Human","Cancer","Neoantigen","C050269",NA,"1","Yes","No","ATP6AP1-KLG-G3W","Q15904","KLWASPLHV","606794","HLA-A2",NA,NA,NA,NA,"TRAV19",NA,"TRBV4-1",NA,NA,NA,NA,NA,30418433,NA
60,"CASSPGQGYEQYF",0,"CGTDNAGGTSYGKLTF","CASSPGQGYEQYF","Human","Cancer","Neoantigen","C050269",NA,"1","Yes","No","OR1G1-FLF",NA,"FLFMYLVTV",NA,"HLA-A2",NA,NA,NA,NA,NA,NA,"TRBV19",NA,NA,NA,NA,NA,30418433,NA
61,"CASSLADTQYF",0,NA,"CASSLADTQYF","Human","Pathogens","M.Tuberculosis","D009169","Bulk","2.2","No","Yes",NA,NA,NA,NA,NA,"PBMC","CD4",NA,NA,NA,NA,"TRBV14",NA,NA,NA,NA,NA,32341563,NA
62,"CASSFEGNYGYTF",0,NA,"CASSFEGNYGYTF","Human","Pathogens","M.Tuberculosis","D009169",NA,"2.2","Yes","Yes",NA,NA,NA,NA,NA,"PBMC","CD4",NA,NA,NA,NA,"TRBV27",NA,"TRBJ1-2",NA,NA,NA,32341563,NA
63,"CASSLGGQETQYF",0,NA,"CASSLGGQETQYF","Human","Pathogens","M.Tuberculosis","D009169","Bulk","2.2","No","Yes",NA,NA,NA,NA,NA,"PBMC","CD4",NA,NA,NA,NA,"TRBV11-2",NA,NA,NA,NA,NA,32341563,NA
64,"CASSLGQSYEQYF",0,"CIVIGGGSARQLTF","CASSLGQSYEQYF","Human","Pathogens","M.Tuberculosis","D009169",NA,"2.2","Yes","Yes",NA,NA,NA,NA,NA,"PBMC","CD4",NA,NA,"TRAV26-1","TRAJ22","TRBV5-1",NA,"TRBJ2-7",NA,NA,NA,32341563,NA
64,"CASSLGQSYEQYF",0,NA,"CASSLGQSYEQYF","Human","Pathogens","M.Tuberculosis","D009169","Bulk","2.2","No","Yes",NA,NA,NA,NA,NA,"PBMC","CD4",NA,NA,NA,NA,"TRBV5-1",NA,NA,NA,NA,NA,32341563,NA
68,"CASSLAGGYNEQFF",0,"CAADRTGGGNKLTF","CASSLAGGYNEQFF","Human","Autoimmune","Alzheimer's disease","D000544",NA,"3","Yes",NA,NA,NA,NA,NA,NA,"CSF","CD8","effector memory CD45RA+ ","AGCCAGGGTTTTCCCAGTCACGACGAAGATGGAAGGTTTACAGCACAGCTCAATAAAGCCAGCCAGTATGTTTCTCTGCTCATCAGAGACTCCCAGCCCAGTGATTCAGCCACCTACCTCTGTGCCGCCGACCGAACGGGAGGAGGAAACAAACTCACCTTTGGGACAGGCACTCAGCTAAAAGTGGAACTCAATATCCAGAACCCTGACCCTGCCGTGTACCAGCTGAGAGACTCTAAAT","TRAV12-1","TRAJ1","TRBV5-1",NA,"TRBJ2-1",NA,"AGCCAGGGTTTTCCCAGTCACGACCGATTCTCAGGGCGCCAGTTCTCTAACTCTCGCTCTGAGATGAATGTGAGCACCTTGGAGCTGGGGGACTCGGCCCTTTATCTTTGCGCCAGCAGCTTGGCCGGGGGGTACAATGAGCAGTTCTTCGGGCCAGGGACACGGCTCACCGTGCTAGAGGACCTGAAAAACGTGTTCCCACCCGAGGTCGCTGTGTTTGAGCCATCAGAAGCA",NA,31915375,NA
68,"CASSLAGGYNEQFF",0,"CAADRTGGGNKLTF","CASSLAGGYNEQFF","Human","Autoimmune","Alzheimer's disease","D000544",NA,"3","Yes",NA,NA,NA,NA,NA,NA,"CSF","CD8","effector memory CD45RA+ ","AGCCAGGGTTTTCCCAGTCACGACGAAGATGGAAGGTTTACAGCACAGCTCAATAAAGCCAGCCAGTATGTTTCTCTGCTCATCAGAGACTCCCAGCCCAGTGATTCAGCCACCTACCTCTGTGCCGCCGACCGAACGGGAGGAGGAAACAAACTCACCTTTGGGACAGGCACTCAGCTAAAAGTGGAACTCAATATCCAGAACCCTGACCCTGCCGTGTACCAGCTGAGAGACTCTAAAT","TRAV12-2","TRAJ1","TRBV5-1",NA,"TRBJ2-1",NA,"AGCCAGGGTTTTCCCAGTCACGACCGATTCTCAGGGCGCCAGTTCTCTAACTCTCGCTCTGAGATGAATGTGAGCACCTTGGAGCTGGGGGACTCGGCCCTTTATCTTTGCGCCAGCAGCTTGGCCGGGGGGTACAATGAGCAGTTCTTCGGGCCAGGGACACGGCTCACCGTGCTAGAGGACCTGAAAAACGTGTTCCCACCCGAGGTCGCTGTGTTTGAGCCATCAGAAGCA",NA,31915375,NA
68,"CASSLAGGYNEQFF",0,"CAADRTGGGNKLTF","CASSLAGGYNEQFF","Human","Autoimmune","Alzheimer's disease","D000544",NA,"3","Yes",NA,NA,NA,NA,NA,NA,"CSF","CD8","effector memory CD45RA+ ","GGCCAGGGTTTTCCCAGTCACGACGAAGATGGAAGGTTTACAGCACAGCTCAATAAAGCCAGCCAGTATGTTTCTCTGCTCATCAGAGACTCCCAGCCCAGTGATTCAGCCACCTACCTCTGTGCCGCCGACCGAACGGGAGGAGGAAACAAACTCACCTTTGGGACAGGCACTCAGCTAAAAGTGGAACTCAATATCCAGAACCCTGACCCTGCCGTGTACCAGCTGAGAGACTCTAAAT","TRAV12-1","TRAJ1","TRBV5-1",NA,"TRBJ2-1",NA,"GGCCAGGGTTTTCCCAGTCACGACCGATTCTCAGGGCGCCAGTTCTCTAACTCTCGCTCTGAGATGAATGTGAGCACCTTGGAGCTGGGGGACTCGGCCCTTTATCTTTGCGCCAGCAGCTTGGCCGGGGGGTACAATGAGCAGTTCTTCGGGCCAGGGACACGGCTCACCGTGCTAGAGGACCTGAAAAACGTGTTCCCACCCGAGGTCGCTGTGTTTGAGCCATCAGAAGCA",NA,31915375,NA
68,"CASSLAGGYNEQFF",0,NA,"CASSLAGGYNEQFF","Human","Autoimmune","Alzheimer's disease","D000544",NA,"3","Yes",NA,NA,NA,NA,NA,NA,"CSF","CD8","effector memory CD45RA+ ",NA,NA,NA,"TRBV5-1",NA,"TRBJ2-1",NA,"TGCCAGGGTTTTCCCAGTCACGACCGATTCTCAGGGCGCCAGTTCTCTAACTCTCGCTCTGAGATGAATGTGAGCACCTTGGAGCTGGGGGACTCGGCCCTTTATCTTTGCGCCAGCAGCTTGGCGGGAGGGTACAATGAGCAGTTCTTCGGGCCAGGGACACGGCTCACCGTGCTAGAGGACCTGAAAAACGTGTTCCCACCCGAGGTCGCTGTGTTTGAGCCATCAGAAGCA",NA,31915375,NA
68,"CASSLAGGYNEQFF",0,NA,"CASSLAGGYNEQFF","Human","Autoimmune","Alzheimer's disease","D000544",NA,"3","Yes",NA,NA,NA,NA,NA,NA,"CSF","CD8","effector memory CD45RA+ ",NA,NA,"TRAJ44","TRBV5-1",NA,"TRBJ2-1",NA,"CTCCAGGGTTTTCCCAGTCACGACCGATTCTCAGGGCGCCAGTTCTCTAACTCTCGCTCTGAGATGAATGTGAGCACCTTGGAGCTGGGGGACTCGGCCCTTTATCTTTGCGCCAGCAGCTTGGCGGGAGGGTACAATGAGCAGTTCTTCGGGCCAGGGACACGGCTCACCGTGCTAGAGGACCTGAAAAACGTGTTCCCACCCGAGGTCGCTGTGTTTGAGCCATCAGAAGCA",NA,31915375,NA
69,"CASSLRGNTEAFF",0,NA,"CASSLRGNTEAFF","Human","Autoimmune","Celiac disease","D002446",NA,"2.2","No","Yes",NA,NA,NA,NA,NA,"Gut","CD4",NA,NA,NA,NA,"TRBV6-5",NA,NA,"No",NA,NA,29269859,NA
69,"CASSLRGNTEAFF",0,NA,"CASSLRGNTEAFF","Human","Pathogens","M.Tuberculosis","D009169","Bulk","2.2","No","Yes",NA,NA,NA,NA,NA,"PBMC","CD4",NA,NA,NA,NA,"TRBV7-2",NA,NA,NA,NA,NA,32341563,NA
71,"CASSLGGDTQYF",0,NA,"CASSLGGDTQYF","Human","Pathogens","M.Tuberculosis","D009169","Bulk","2.2","No","Yes",NA,NA,NA,NA,NA,"PBMC","CD4",NA,NA,NA,NA,"TRBV5-6",NA,NA,NA,NA,NA,32341563,NA
71,"CASSLGGDTQYF",0,NA,"CASSLGGDTQYF","Human","Pathogens","M.Tuberculosis","D009169","Bulk","2.2","No","Yes",NA,NA,NA,NA,NA,"PBMC","CD4",NA,NA,NA,NA,"TRBV5-6",NA,NA,NA,NA,NA,32341563,NA
71,"CASSLGGDTQYF",0,NA,"CASSLGGDTQYF","Human","Pathogens","M.Tuberculosis","D009169","Bulk","2.2","No","Yes",NA,NA,NA,NA,NA,"PBMC","CD4",NA,NA,NA,NA,"TRBV5-6",NA,NA,NA,NA,NA,32341563,NA
75,"CASSLGGGNQPQHF",0,NA,"CASSLGGGNQPQHF","Human","Autoimmune","Diabetes Type 1","D003999",NA,"3","No","No","insulin precursor A1-15",NA,NA,NA,NA,"Spleen",NA,NA,NA,NA,NA,"TRBV5-01",NA,"TRBJ1-5","No",NA,NA,15889096,NA
76,"CASSLNTGELFF",0,NA,"CASSLNTGELFF","Human","Pathogens","M.Tuberculosis","D009169","Bulk","2.2","No","Yes",NA,NA,NA,NA,NA,"PBMC","CD4",NA,NA,NA,NA,"TRBV5-1",NA,NA,NA,NA,NA,32341563,NA
78,"CASSLGGSTDTQYF",0,NA,"CASSLGGSTDTQYF","Human","Pathogens","Influenza","D009980",NA,"1","No","Yes","NP177","P03466","LPRRSGAAGA","38688","HLA-B7","PBMC","CD8",NA,NA,NA,NA,"TRBV7-3",NA,"TRBJ2-3","No","TGTGCCAGCAGCTTAGGCGGGAGCACAGATACGCAGTATTTT",NA,28636589,NA
78,"CASSLGGSTDTQYF",0,NA,"CASSLGGSTDTQYF","Human","Autoimmune","Celiac disease","D002446",NA,"2.1","Yes","Yes","DQ2-a-II",NA,"PQPELPYPQPE","49048","HLA-DQ2","PBMC","CD4",NA,NA,"TRAV1",NA,"TRBV7-2*01",NA,"TRBJ2-3*01",NA,NA,NA,21849672,NA
83,"CASSPSTDTQYF",0,NA,"CASSPSTDTQYF","Human","Pathogens","M.Tuberculosis","D009169","Bulk","2.2","No","Yes",NA,NA,NA,NA,NA,"PBMC","CD4",NA,NA,NA,NA,"TRBV7-2",NA,NA,NA,NA,NA,32341563,NA
83,"CASSPSTDTQYF",0,NA,"CASSPSTDTQYF","Human","Pathogens","M.Tuberculosis","D009169","Bulk","2.2","No","Yes",NA,NA,NA,NA,NA,"PBMC","CD4",NA,NA,NA,NA,"TRBV7-2",NA,NA,NA,NA,NA,32341563,NA
85,"CASSLRETQYF",0,NA,"CASSLRETQYF","Human","Autoimmune","Inflammatory bowel disease (IBD) ","D015212","Chrohn's disease and Ulceritive colitis","2.2","No","Yes","Flagellin ","P22251",NA,NA,NA,"PBMC","CD4",NA,NA,NA,NA,"TRBV11-3",NA,"TRBJ2-5","No",NA,NA,29988119,NA
87,"CASSLTGNYGYTF",0,NA,"CASSLTGNYGYTF","Human","Cancer","Clear cell renal carcinoma","D002292",NA,"3","No","No",NA,NA,NA,NA,NA,"Kidney+PBMC","CD4","TIL",NA,NA,NA,NA,NA,"TRBJ1-2","No",NA,NA,25637538,NA
87,"CASSLTGNYGYTF",0,"CAVSGGGDYKLSF","CASSLTGNYGYTF","Human","Pathogens","M.Tuberculosis","D009169",NA,"2.2","Yes","Yes",NA,NA,NA,NA,NA,"PBMC","CD4",NA,NA,"TRAV8-6","TRAJ20","TRBV28",NA,"TRBJ1-2",NA,NA,NA,32341563,NA
88,"CASSPGGYGYTF",0,"CAPAEGNTGKLIF","CASSPGGYGYTF","Human","Pathogens","M.Tuberculosis","D009169",NA,"2.2","Yes","Yes",NA,NA,NA,NA,NA,"PBMC","CD4",NA,NA,"TRAV9-1","TRAJ37","TRBV19",NA,"TRBJ1-2",NA,NA,NA,32341563,NA
90,"CASSLAGTDTQYF",0,NA,"CASSLAGTDTQYF","Human","Pathogens","Cytomegalovirus (CMV)","D003586",NA,"1","No","Yes","pp65","P06725","TPRVTGGGAM","65748","HLA-B*07:02","PBMC","CD8",NA,NA,NA,NA,"TRBV7-2",NA,"TRBJ2-3",NA,NA,NA,30587531,NA
90,"CASSLAGTDTQYF",0,"CAVNVEGAQKLVF","CASSLAGTDTQYF","Human","Pathogens","M.Tuberculosis","D009169",NA,"2.2","Yes","Yes",NA,NA,NA,NA,NA,"PBMC","CD4",NA,NA,"TRAV12-2","TRAJ54","TRBV5-6",NA,"TRBJ2-3",NA,NA,NA,32341563,NA
91,"CASSSSTDTQYF",0,"CAASQYDYKLSF","CASSSSTDTQYF","Human","Autoimmune","Diabetes Type 1","D003922",NA,"1","Yes","Yes",NA,NA,NA,NA,NA,"Pancreatic islets","CD4",NA,NA,"TRAV13-1","TRAJ20","TRBV28",NA,"TRBJ2-3","No",NA,NA,27920090,NA
91,"CASSSSTDTQYF",0,NA,"CASSSSTDTQYF","Human","Autoimmune","Inflammatory bowel disease (IBD) ","D015212","Chrohn's disease and Ulceritive colitis","2.2","No","Yes","Flagellin ","P22251",NA,NA,NA,"PBMC","CD4",NA,NA,NA,NA,"TRBV6-5",NA,"TRBJ2-3","No",NA,NA,29988119,NA
91,"CASSSSTDTQYF",0,NA,"CASSSSTDTQYF","Human","Autoimmune","Inflammatory bowel disease (IBD) ","D015212","Chrohn's disease and Ulceritive colitis","2.2","No","Yes","Flagellin ","P22251",NA,NA,NA,"PBMC","CD4",NA,NA,NA,NA,"TRBV6-1",NA,"TRBJ2-3","No",NA,NA,29988119,NA
93,"CASSLGSSYNEQFF",0,"CAMREDLIPLKLIF","CASSLGSSYNEQFF","Human","Autoimmune","Parkinson disease","D010309",NA,"3","Yes",NA,NA,NA,NA,NA,NA,"CSF","CD8",NA,"GCCCAGGGTTTTCCCAGTCACGACTCCAGAAGGCAAGAAAATCCGCCAACCTTGTCATCTCCGCTTCACAACTGGGGGACTCAGCAATGTACTTCTGTGCAATGAGAGAGGACCTTATCCCTCTAAAGCTCATCTTTGGGACTGGGACCAGATTACAAGTCTTTCCAAATATCCAGAACCCTGACCCTGCCGTGTACCAGCTGAGAGACTCTAAAT",NA,"TRAJ34/43","TRBV28",NA,"TRBJ2-1",NA,"GCCCAGGGTTTTCCCAGTCACGACGGGGTACAGTGTCTCTAGAGAGAAGAAGGAGCGCTTCTCCCTGATTCTGGAGTCCGCCAGCACCAACCAGACATCTATGTACCTCTGTGCCAGCAGTTTAGGAAGCTCCTACAATGAGCAGTTCTTCGGGCCAGGGACACGGCTCACCGTGCTAGAGGACCTGAAAAACGTGTTCCCACCCGAGGTCGCTGTGTTTGAGCCATCAGAAGCA",NA,31915375,NA
94,"CASSLEETQYF",0,"CIEHTNSGGSNYKLTF","CASSLEETQYF","Human","Pathogens","M. tuberculosis","D009169",NA,"2.1","No","Yes","CFP10","P9WNK5","TAAQAAVVRFQEAAN","62799","DRB1*15:03","PBMC","CD4",NA,NA,NA,NA,NA,NA,"TRBJ2-5","No",NA,NA,28636589,"Reconstruted J"
94,"CASSLEETQYF",0,NA,"CASSLEETQYF","Human","Autoimmune","Celiac disease","D002446",NA,"2.2","No","Yes",NA,NA,NA,NA,NA,"PBMC","CD4",NA,NA,NA,NA,"TRBV2-1",NA,NA,"No",NA,NA,29269859,NA
94,"CASSLEETQYF",0,NA,"CASSLEETQYF","Human","Autoimmune","Inflammatory bowel disease (IBD) ","D015212","Chrohn's disease and Ulceritive colitis","2.2","No","Yes","Flagellin ","P22251",NA,NA,NA,"PBMC","CD4",NA,NA,NA,NA,"TRBV7-8",NA,"TRBJ2-5","No",NA,NA,29988119,NA
95,"CASSLQGNYGYTF",0,NA,"CASSLQGNYGYTF","Human","Pathogens","Influenza","D009980",NA,"1","No","Yes","Matrix protein (M1)","P03485","GILGFVFTL","20354","HLA-A2","PBMC","CD8",NA,NA,NA,NA,"TRBV7-3",NA,"TRBJ1-2","No","TGTGCCAGCAGCTTACAGGGGAACTATGGCTACACCTTC",NA,28636589,NA
96,"CASSLDTDTQYF",0,NA,"CASSLDTDTQYF","Human","Pathogens","Cytomegalovirus (CMV)","D003586","Hematopoietic stem cell transplantation","1","No","No","pp65","P06725","QYDPVAALF","52886","HLA-A*24:02","Lymph Nodes+PBMC","CD8",NA,NA,NA,NA,"TRBV5",NA,"TRBJ2-3","No",NA,NA,23933763,NA
96,"CASSLDTDTQYF",0,NA,"CASSLDTDTQYF","Human","Cancer","Lung cancer","D008175","Vaccination","1","No","No","NY-ESO-1f","P78358","YLAMPFATPMEAELARRSLA","Ag000168","HLA-B*35:01","PBMC","CD8",NA,NA,NA,NA,NA,NA,"TRBJ2-3","No",NA,NA,26291626,NA
96,"CASSLDTDTQYF",0,NA,"CASSLDTDTQYF","Human","Pathogens","Epstein Barr virus (EBV)","D020031",NA,"1","No","Yes","BMLF-1","Q04360","GLCTLVAML","20788","HLA-A2","PBMC","CD8",NA,NA,NA,NA,"TRBV7-9",NA,"TRBJ2-3","No","TGTGCCAGCAGCTTAGACACAGATACGCAGTATTTT",NA,28636589,NA
99,"CASSLRGYEQYF",0,NA,"CASSLRGYEQYF","Human","Pathogens","Influenza","D009980",NA,"1","No","Yes","NP177","P03466","LPRRSGAAGA","38688","HLA-B7","PBMC","CD8",NA,NA,NA,NA,"TRBV7-9",NA,"TRBJ2-7","No","TGTGCCAGCAGCTTAAGAGGCTACGAGCAGTACTTC",NA,28636589,NA
100,"CASSLGPYEQYF",0,NA,"CASSLGPYEQYF","Human","Pathogens","Influenza","D009980",NA,"1","No","Yes","NP177","P03466","LPRRSGAAGA","38688","HLA-B7","PBMC","CD8",NA,NA,NA,NA,"TRBV7-8",NA,"TRBJ2-7","No","TGTGCCAGCAGCTTAGGGCCGTACGAGCAGTACTTC",NA,28636589,NA
104,"CASSLLNTEAFF",0,NA,"CASSLLNTEAFF","Human","Pathogens","Influenza","D009980",NA,"1","No","Yes","NP177","P03466","LPRRSGAAGA","38688","HLA-B7","PBMC","CD8",NA,NA,NA,NA,"TRBV7-9",NA,"TRBJ1-1","No","TGTGCCAGCAGCTTATTGAACACTGAAGCTTTCTTT",NA,28636589,NA
105,"CASSLGGGTDTQYF",0,NA,"CASSLGGGTDTQYF","Human","Pathogens","M.Tuberculosis","D009169","Bulk","2.2","No","Yes",NA,NA,NA,NA,NA,"PBMC","CD4",NA,NA,NA,NA,"TRBV7-6",NA,NA,NA,NA,NA,32341563,NA
107,"CASSSYEQYF",0,NA,"CASSSYEQYF","Mouse","Pathogens","Influenza","D009980","HKx31 strain","2.1","No","No","Polymerase acidic protein (Polymerase acidic protein (Polymerase acidic protein (PA)))","P03433","SSLENFRAYV","61151","H-2b","Spleen","CD8",NA,NA,"TRAV6","TRAJ17","TRBV29",NA,"TRBJ2-7","No",NA,"C57BL/6j",25804828,NA
107,"CASSSYEQYF",0,NA,"CASSSYEQYF","Mouse","Pathogens","Influenza","D009980","HKx31 strain","2.1","No","No","Polymerase acidic protein (Polymerase acidic protein (Polymerase acidic protein (PA)))","P03433","SSLENFRAYV","61151","H-2b","Spleen","CD8",NA,NA,"TRAV6","TRAJ33","TRBV29",NA,"TRBJ2-7","No",NA,"C57BL/6j",25804828,NA
107,"CASSSYEQYF",0,"CALAGGSNYKLTF","CASSSYEQYF","Mouse","Pathogens","Influenza","D009980",NA,"1","Yes","Yes","PA","P03433","SSLENFRAYV","61151","H-2Db","Bronchoalveolar","CD8",NA,NA,"TRAV6D-6:02","TRAJ5-01","TRBV2-01",NA,"TRBJ2-7:01","No",NA,"C57/BL6",28636592,NA
107,"CASSSYEQYF",0,"CALCGGSNYKLTF","CASSSYEQYF","Mouse","Pathogens","Influenza","D009980",NA,"1","Yes","Yes","PA","P03433","SSLENFRAYV","61151","H-2Db","Bronchoalveolar","CD8",NA,NA,"TRAV6D-6:02","TRAJ5-01","TRBV2-01",NA,"TRBJ2-7:01","No",NA,"C57/BL6",28636592,NA
107,"CASSSYEQYF",0,"CALGEGSNYQLIW","CASSSYEQYF","Mouse","Pathogens","Influenza","D009980",NA,"1","Yes","Yes","PA","P03433","SSLENFRAYV","61151","H-2Db","Bronchoalveolar","CD8",NA,NA,"TRAV6D-6:02","TRAJ3-01","TRBV2-01",NA,"TRBJ2-7:01","No",NA,"C57/BL6",28636592,NA
107,"CASSSYEQYF",0,"CALGEGSNYQLIW","CASSSYEQYF","Mouse","Pathogens","Influenza","D009980",NA,"1","Yes","Yes","PA","P03433","SSLENFRAYV","61151","H-2Db","Bronchoalveolar","CD8",NA,NA,"TRAV6D-6:02","TRAJ3-01","TRBV2-01",NA,"TRBJ2-7:01","No",NA,"C57/BL6",28636592,NA
107,"CASSSYEQYF",0,"CALGEGSNYQLIW","CASSSYEQYF","Mouse","Pathogens","Influenza","D009980",NA,"1","Yes","Yes","PA","P03433","SSLENFRAYV","61151","H-2Db","Bronchoalveolar","CD8",NA,NA,"TRAV6D-6:02","TRAJ3-01","TRBV2-01",NA,"TRBJ2-7:01","No",NA,"C57/BL6",28636592,NA
107,"CASSSYEQYF",0,"CALGGGSNYKLTF","CASSSYEQYF","Mouse","Pathogens","Influenza","D009980",NA,"1","Yes","Yes","PA","P03433","SSLENFRAYV","61151","H-2Db","Bronchoalveolar","CD8",NA,NA,"TRAV6D-6:02","TRAJ5-01","TRBV2-01",NA,"TRBJ2-7:01","No",NA,"C57/BL6",28636592,NA
107,"CASSSYEQYF",0,"CALGGGSNYKLTF","CASSSYEQYF","Mouse","Pathogens","Influenza","D009980",NA,"1","Yes","Yes","PA","P03433","SSLENFRAYV","61151","H-2Db","Bronchoalveolar","CD8",NA,NA,"TRAV6D-6:02","TRAJ5-01","TRBV2-01",NA,"TRBJ2-7:01","No",NA,"C57/BL6",28636592,NA
107,"CASSSYEQYF",0,"CALHSGGSNAKLTF","CASSSYEQYF","Mouse","Pathogens","Influenza","D009980",NA,"1","Yes","Yes","PA","P03433","SSLENFRAYV","61151","H-2Db","Bronchoalveolar","CD8",NA,NA,"TRAV6D-6:02","TRAJ4-01","TRBV2-01",NA,"TRBJ2-7:01","No",NA,"C57/BL6",28636592,NA
108,"CASSLGGNEQFF",0,NA,"CASSLGGNEQFF","Human","Autoimmune","Celiac disease","D002446",NA,"2.2","No","Yes",NA,NA,NA,NA,NA,"Gut","CD4",NA,NA,NA,NA,"TRBV5-1",NA,NA,"No",NA,NA,29269859,NA
108,"CASSLGGNEQFF",0,NA,"CASSLGGNEQFF","Human","Pathogens","M.Tuberculosis","D009169",NA,"2.2","Yes","Yes",NA,NA,NA,NA,NA,"PBMC","CD4",NA,NA,"TRAV8-4","TRAJ23","TRBV6-5",NA,"TRBJ2-1",NA,NA,NA,32341563,NA
113,"CASSDSYEQYF",0,NA,"CASSDSYEQYF","Human","Pathogens","Yellow fever virus","D015005",NA,"1","Yes",NA,"YFV-LLW","P29165","LLWNGPMAV","121572","HLA-A2",NA,NA,NA,NA,"TRAV14/DV4",NA,"TRBV9",NA,NA,NA,NA,NA,30418433,NA
113,"CASSDSYEQYF",0,"CAVNKGFQKLVF","CASSDSYEQYF","Human","Cancer","Melanoma","D008545",NA,"1","Yes",NA,"Melan-A/MART-1",NA,"ELAGIGILTV",NA,"HLA-A2",NA,NA,NA,NA,NA,NA,"TRBV27",NA,NA,NA,NA,NA,30418433,NA
113,"CASSDSYEQYF",0,"CVVSDRGSTLGRLYF","CASSDSYEQYF","Human","Pathogens","M. tuberculosis","D009169",NA,"2.2","Yes","Yes",NA,NA,NA,NA,NA,"PBMC","CD8","iNKT",NA,NA,"TRAJ18","TRBV25-1",NA,"TRBJ2-7",NA,NA,NA,30992377,NA
114,"CASSLDLNTEAFF",0,NA,"CASSLDLNTEAFF","Human","Pathogens","M.Tuberculosis","D009169","Bulk","2.2","No","Yes",NA,NA,NA,NA,NA,"PBMC","CD4",NA,NA,NA,NA,"TRBV27",NA,NA,NA,NA,NA,32341563,NA
117,"CASSLSGYEQYF",0,NA,"CASSLSGYEQYF","Mouse","Pathogens","Influenza","D009980","HKx31 strain","2.1","No","No","Polymerase acidic protein (Polymerase acidic protein (Polymerase acidic protein (PA)))","P03433","SSLENFRAYV","61151","H-2b","Spleen","CD8",NA,NA,"TRAV6","TRAJ34","TRBV29",NA,"TRBJ2-7","No",NA,"C57BL/6j",25804828,NA
117,"CASSLSGYEQYF",0,"CALERDNNAPRF","CASSLSGYEQYF","Mouse","Pathogens","Influenza","D009980",NA,"1","Yes","Yes","PA","P03433","SSLENFRAYV","61151","H-2Db","Bronchoalveolar","CD8",NA,NA,"TRAV1-01","TRAJ4-01","TRBV2-01",NA,"TRBJ2-7:01","No",NA,"C57/BL6",28636592,NA
117,"CASSLSGYEQYF",0,"CALVPSNTNKVVF","CASSLSGYEQYF","Mouse","Pathogens","Influenza","D009980",NA,"1","Yes","Yes","PA","P03433","SSLENFRAYV","61151","H-2Db","Bronchoalveolar","CD8",NA,NA,"TRAV6D-4:01","TRAJ3-01","TRBV2-01",NA,"TRBJ2-7:01","No",NA,"C57/BL6",28636592,NA
117,"CASSLSGYEQYF",0,"CALVPSNTNKVVF","CASSLSGYEQYF","Mouse","Pathogens","Influenza","D009980",NA,"1","Yes","Yes","PA","P03433","SSLENFRAYV","61151","H-2Db","Bronchoalveolar","CD8",NA,NA,"TRAV6D-4:01","TRAJ3-01","TRBV2-01",NA,"TRBJ2-7:01","No",NA,"C57/BL6",28636592,NA
120,"CASSASYEQYF",0,NA,"CASSASYEQYF","Human","Autoimmune","Alzheimer's disease","D000544",NA,"3","Yes",NA,NA,NA,NA,NA,NA,"CSF","CD8","effector memory CD45RA+ ",NA,NA,NA,"TRBV27",NA,"TRBJ2-7",NA,"CTCCAGGGTTTTCCCAGTCACGACTACAAAGTCTCTCGAAAAGAGAAGAGGAATTTCCCCCTGATCCTGGAGTCGCCCAGCCCCAACCAGACCTCTCTGTACTTCTGTGCCAGCAGCGCCTCCTACGAGCAGTACTTCGGGCCGGGCACCAGGCTCACGGTCACAGAGGACCTGAAAAACGTGTTCCCACCCGAGGTCGCTGTGTTTGAGCCATCAGAAGCA",NA,31915375,NA
121,"CASSLDSNQPQHF",0,NA,"CASSLDSNQPQHF","Human","Autoimmune","Inflammatory bowel disease (IBD) ","D015212","Chrohn's disease and Ulceritive colitis","2.2","No","Yes","Flagellin ","P22251",NA,NA,NA,"PBMC","CD4",NA,NA,NA,NA,"TRBV11-2",NA,"TRBJ1-5","No",NA,NA,29988119,NA
121,"CASSLDSNQPQHF",0,NA,"CASSLDSNQPQHF","Human","Autoimmune","Inflammatory bowel disease (IBD) ","D015212","Chrohn's disease and Ulceritive colitis","2.2","No","Yes","Flagellin ","P22251",NA,NA,NA,"PBMC","CD4",NA,NA,NA,NA,"TRBV6-9",NA,"TRBJ1-5","No",NA,NA,29988119,NA
121,"CASSLDSNQPQHF",0,NA,"CASSLDSNQPQHF","Human","Autoimmune","Inflammatory bowel disease (IBD) ","D015212","Chrohn's disease and Ulceritive colitis","2.2","No","Yes","Flagellin ","P22251",NA,NA,NA,"PBMC","CD4",NA,NA,NA,NA,"TRBV27",NA,"TRBJ1-5","No",NA,NA,29988119,NA
121,"CASSLDSNQPQHF",0,NA,"CASSLDSNQPQHF","Human","Autoimmune","Inflammatory bowel disease (IBD) ","D015212","Chrohn's disease and Ulceritive colitis","2.2","No","Yes","Flagellin ","P22251",NA,NA,NA,"PBMC","CD4",NA,NA,NA,NA,"TRBV6-3",NA,"TRBJ1-5","No",NA,NA,29988119,NA
122,"CASSFSYEQYF",0,NA,"CASSFSYEQYF","Mouse","Pathogens","Influenza","D009980","HKx31 strain","2.1","No","No","Polymerase acidic protein (Polymerase acidic protein (Polymerase acidic protein (PA)))","P03433","SSLENFRAYV","61151","H-2b","Spleen","CD8",NA,NA,"TRAV12","TRAJ52","TRBV29",NA,"TRBJ2-7","No",NA,"C57BL/6j",25804828,"No final F"
122,"CASSFSYEQYF",0,NA,"CASSFSYEQYF","Human","Autoimmune","Celiac disease","D002446",NA,"2.2","No","Yes",NA,NA,NA,NA,NA,"PBMC","CD4",NA,NA,NA,NA,"TRBV5-6",NA,NA,"No",NA,NA,29269859,NA
122,"CASSFSYEQYF",0,NA,"CASSFSYEQYF","Human","Pathogens","M.Tuberculosis","D009169","Bulk","2.2","No","Yes",NA,NA,NA,NA,NA,"PBMC","CD4",NA,NA,NA,NA,"TRBV11-2",NA,NA,NA,NA,NA,32341563,NA
123,"CASSSTYEQYF",0,NA,"CASSSTYEQYF","Human","Pathogens","Influenza","D009980",NA,"1","No","Yes","NP177","P03466","LPRRSGAAGA","38688","HLA-B7","PBMC","CD8",NA,NA,NA,NA,"TRBV7-8",NA,"TRBJ2-7","No","TGTGCCAGCAGTTCGACCTACGAGCAGTACTTC",NA,28636589,NA
127,"CASSFQETQYF",0,NA,"CASSFQETQYF","Human","Cancer","Clear cell renal carcinoma","D002292",NA,"3","No","No",NA,NA,NA,NA,NA,"Kidney+PBMC","CD4","TIL",NA,NA,NA,NA,NA,"TRBJ2-5","No",NA,NA,25637538,NA
127,"CASSFQETQYF",0,NA,"CASSFQETQYF","Human","Autoimmune","Ulcerative Colitis","D003093",NA,"2.4","No",NA,NA,NA,NA,NA,NA,"PBMC, Rectum","CD4",NA,NA,NA,NA,NA,NA,NA,"No",NA,NA,30556140,NA
128,"CASSLAGNTEAFF",0,NA,"CASSLAGNTEAFF","Human","Pathogens","Influenza","D009980",NA,"1","No","Yes","NP177","P03466","LPRRSGAAGA","38688","HLA-B7","PBMC","CD8",NA,NA,NA,NA,"TRBV7-8",NA,"TRBJ1-1","No","TGTGCCAGCAGCTTAGCCGGGAACACTGAAGCTTTCTTT",NA,28636589,NA
129,"CASSFGGNTEAFF",0,NA,"CASSFGGNTEAFF","Human","Pathogens","Cytomegalovirus (CMV)","D003586",NA,"1","No","Yes","pp65","P06725","RPHERNGFTVL","55170","HLA-B*07:02","PBMC","CD8",NA,NA,NA,NA,"TRBV5-1",NA,"TRBJ1-1",NA,NA,NA,30587531,NA
129,"CASSFGGNTEAFF",0,NA,"CASSFGGNTEAFF","Human","Autoimmune","Psoriatic arthritis","D015535",NA,"2.2","No","Yes",NA,NA,NA,NA,NA,"Skin",NA,NA,NA,NA,NA,"TRBV-5",NA,NA,NA,"AATGTGAACGCCTTGTTGCTGGGGGACTCGGCCCTCTATCTCTGTGCCAGCAGCTTCGGGGGAAACACTGAAGCTTTCTTTGGACAA",NA,28945199,NA
131,"CASSPSRNTEAFF",0,NA,"CASSPSRNTEAFF","Human","Pathogens","Cytomegalovirus (CMV)","D003586",NA,"1","No","Yes","pp65","P06725","TPRVTGGGAM","65748","HLA-B7","PBMC","CD8",NA,NA,NA,NA,"TRBV4-3",NA,"TRBJ1-1","No","TGCGCCAGCAGCCCCTCCCGGAACACTGAAGCTTTCTTT",NA,28636589,NA
131,"CASSPSRNTEAFF",0,NA,"CASSPSRNTEAFF","Human","Pathogens","Cytomegalovirus (CMV)","D003586",NA,"1","No","Yes","pp65","P06725","TPRVTGGGAM","65748","HLA-B7","PBMC","CD8",NA,NA,NA,NA,"TRBV4-3",NA,"TRBJ1-1","No","TGCGCCAGCAGCCCGAGCCGAAACACTGAAGCTTTCTTT",NA,28636589,NA
131,"CASSPSRNTEAFF",0,NA,"CASSPSRNTEAFF","Human","Pathogens","Cytomegalovirus (CMV)","D003586",NA,"1","No","Yes","pp65","P06725","RPHERNGFTVL","55170","HLA-B*07:02","PBMC","CD8",NA,NA,NA,NA,"TRBV4-3",NA,"TRBJ1-1",NA,NA,NA,30587531,NA
133,"CASSFSTDTQYF",0,"CAVTPGTYKYIF","CASSFSTDTQYF","Human","Pathogens","M.Tuberculosis","D009169",NA,"2.2","Yes","Yes",NA,NA,NA,NA,NA,"PBMC","CD4",NA,NA,"TRAV27","TRAJ40","TRBV5-1",NA,"TRBJ2-3",NA,NA,NA,32341563,NA
138,"CASSPGYEQYF",0,NA,"CASSPGYEQYF","Human","Pathogens","Epstein Barr virus (EBV)","D020031",NA,"1","No","Yes","BMLF-1","Q04360","GLCTLVAML","20788","HLA-A2","PBMC","CD8",NA,NA,NA,NA,"TRBV4-1",NA,"TRBJ2-7","No","TGCGCCAGCAGCCCAGGCTACGAGCAGTACTTC",NA,28636589,NA
143,"CASSDGSTDTQYF",0,"STGTASKLTF","CASSDGSTDTQYF","Human","Pathogens","M.Tuberculosis","D009169",NA,"2.2","Yes","Yes",NA,NA,NA,NA,NA,"PBMC","CD4",NA,NA,"TRAV22","TRAJ44","TRBV5-1",NA,"TRBJ2-3",NA,NA,NA,32341563,NA
146,"CASSLEGNYGYTF",0,"CAYRSTGTYKYIF","CASSLEGNYGYTF","Human","Pathogens","M.Tuberculosis","D009169",NA,"2.2","Yes","Yes",NA,NA,NA,NA,NA,"PBMC","CD4",NA,NA,"mTRDV2-2","TRAJ40","TRBV5-1",NA,"TRBJ1-2",NA,NA,NA,32341563,NA
146,"CASSLEGNYGYTF",0,"CAYRSTGTYKYIF","CASSLEGNYGYTF","Human","Pathogens","M.Tuberculosis","D009169",NA,"2.2","Yes","Yes",NA,NA,NA,NA,NA,"PBMC","CD4",NA,NA,"mTRDV2-2","TRAJ40","TRBV5-1",NA,"TRBJ1-2",NA,NA,NA,32341563,NA
148,"CASSPGRNTEAFF",0,NA,"CASSPGRNTEAFF","Human","Pathogens","Cytomegalovirus (CMV)","D003586",NA,"1","No","Yes","pp65","P06725","RPHERNGFTVL","55170","HLA-B*07:02","PBMC","CD8",NA,NA,NA,NA,"TRBV4-3",NA,"TRBJ1-1",NA,NA,NA,30587531,NA
149,"CASSLGQGTDTQYF",0,NA,"CASSLGQGTDTQYF","Human","Pathogens","Influenza","D009980",NA,"1","No","Yes","NP177","P03466","LPRRSGAAGA","38688","HLA-B7","PBMC","CD8",NA,NA,NA,NA,"TRBV7-2",NA,"TRBJ2-3","No","TGCGCCAGCAGCCTTGGACAGGGCACAGATACGCAGTATTTT",NA,28636589,NA
149,"CASSLGQGTDTQYF",0,NA,"CASSLGQGTDTQYF","Human","Pathogens","M.Tuberculosis","D009169","Bulk","2.2","No","Yes",NA,NA,NA,NA,NA,"PBMC","CD4",NA,NA,NA,NA,"TRBV7-2",NA,NA,NA,NA,NA,32341563,NA
151,"CASSRSYEQYF",0,"CVVSGGFQKLVF","CASSRSYEQYF","Human","Pathogens","M.Tuberculosis","D009169",NA,"2.2","Yes","Yes",NA,NA,NA,NA,NA,"PBMC","CD4",NA,NA,"TRAV8-4","TRAJ8","TRBV11-3",NA,"TRBJ2-7",NA,NA,NA,32341563,NA
151,"CASSRSYEQYF",0,"CVVSGGFQKLVF","CASSRSYEQYF","Human","Pathogens","M.Tuberculosis","D009169",NA,"2.2","Yes","Yes",NA,NA,NA,NA,NA,"PBMC","CD4",NA,NA,"TRAV8-4","TRAJ8","TRBV11-3",NA,"TRBJ2-7",NA,NA,NA,32341563,NA
151,"CASSRSYEQYF",0,NA,"CASSRSYEQYF","Human","Pathogens","M.Tuberculosis","D009169","Bulk","2.2","No","Yes",NA,NA,NA,NA,NA,"PBMC","CD4",NA,NA,NA,NA,"TRBV5-4",NA,NA,NA,NA,NA,32341563,NA
157,"CASSLTGGNTEAFF",0,NA,"CASSLTGGNTEAFF","Human","Pathogens","Influenza","D009980",NA,"1","No","Yes","NP177","P03466","LPRRSGAAGA","38688","HLA-B7","PBMC","CD8",NA,NA,NA,NA,"TRBV4-3",NA,"TRBJ1-1","No","TGCGCCAGCAGCCTTACAGGGGGAAACACTGAAGCTTTCTTT",NA,28636589,NA
160,"CASSLGGQPQHF",0,NA,"CASSLGGQPQHF","Mouse","Other","Graft Vs Host Disease","D006086",NA,"3","No","No",NA,NA,NA,NA,"H-2Cg","Bone Marrow","CD4",NA,NA,NA,NA,"TRBV5-01","TRBD1-1","TRBJ1-5","No",NA,"NOD/NSG",26143958,NA
161,"CASSPGGTEAFF",0,"CAGGGGSSNTGKLIF","CASSPGGTEAFF","Human","Cancer","Melanoma","D008545",NA,"1","Yes",NA,"Melan-A/MART-1",NA,"ELAGIGILTV",NA,"HLA-A2",NA,NA,NA,NA,NA,NA,"TRBV9",NA,NA,NA,NA,NA,30418433,NA
161,"CASSPGGTEAFF",0,NA,"CASSPGGTEAFF","Human","Pathogens","M.Tuberculosis","D009169","Bulk","2.2","No","Yes",NA,NA,NA,NA,NA,"PBMC","CD4",NA,NA,NA,NA,"TRBV7-9",NA,NA,NA,NA,NA,32341563,NA
162,"CASSLTYEQYF",0,NA,"CASSLTYEQYF","Human","Autoimmune","Diabetes Type 1","D003947",NA,"3","No","Yes",NA,NA,NA,NA,"HLA-A*02","Pancreaticdraining lymph node","CD8",NA,NA,NA,NA,NA,NA,NA,"No",NA,NA,27942583,NA
162,"CASSLTYEQYF",0,NA,"CASSLTYEQYF","Human","Pathogens","M.Tuberculosis","D009169","Bulk","2.2","No","Yes",NA,NA,NA,NA,NA,"PBMC","CD4",NA,NA,NA,NA,"TRBV5-5",NA,NA,NA,NA,NA,32341563,NA
162,"CASSLTYEQYF",0,NA,"CASSLTYEQYF","Human","Pathogens","M.Tuberculosis","D009169","Bulk","2.2","No","Yes",NA,NA,NA,NA,NA,"PBMC","CD4",NA,NA,NA,NA,"TRBV11-2",NA,NA,NA,NA,NA,32341563,NA
170,"CASSGSYEQYF",0,NA,"CASSGSYEQYF","Human","Pathogens","Influenza","D009980",NA,"1","No","Yes","NP177","P03466","LPRRSGAAGA","38688","HLA-B7","PBMC","CD8",NA,NA,NA,NA,"TRBV7-2",NA,"TRBJ2-7","No","TGTGCCAGCAGCGGATCCTACGAGCAGTACTTC",NA,28636589,NA
172,"CASSLTGELFF",0,NA,"CASSLTGELFF","Human","Pathogens","M.Tuberculosis","D009169","Bulk","2.2","No","Yes",NA,NA,NA,NA,NA,"PBMC","CD4",NA,NA,NA,NA,"TRBV7-6",NA,NA,NA,NA,NA,32341563,NA
176,"CASSLGYGYTF",0,NA,"CASSLGYGYTF","Human","Pathogens","Human immunodeficiency virus (HIV)","D006678","Chronic Human immunodeficiency virus (HIV)+ patients off anti-retroviral therapy","1","No","No","Gag polyprotein","P04585","QASQEVKNW","101990","HLA-B*57","PBMC","CD8",NA,NA,NA,NA,"TRBV28",NA,"TRBJ1-2","No",NA,NA,21562156,NA
178,"CASSLEGYGYTF",0,NA,"CASSLEGYGYTF","Human","Pathogens","Cytomegalovirus (CMV)","D003586",NA,"1","No","Yes","pp65","P06725","RPHERNGFTVL","55170","HLA-B*07:02","PBMC","CD8",NA,NA,NA,NA,"TRBV12-3/12-4",NA,"TRBJ1-2",NA,NA,NA,30587531,NA
182,"CASSLGGTGELFF",0,NA,"CASSLGGTGELFF","Human","Autoimmune","Celiac disease","D002446",NA,"2.2","No","Yes",NA,NA,NA,NA,NA,"PBMC","CD4",NA,NA,NA,NA,"TRBV7-2",NA,NA,"No",NA,NA,29269859,NA
184,"CASSDSSGANVLTF",0,NA,"CASSDSSGANVLTF","Human","Autoimmune","Celiac disease","D002446",NA,"2.2","No","Yes",NA,NA,NA,NA,NA,"PBMC","CD4",NA,NA,NA,NA,"TRBV5-1",NA,NA,"No",NA,NA,29269859,NA
184,"CASSDSSGANVLTF",0,"CALLWGANSKLTF","CASSDSSGANVLTF","Human","Pathogens","M. tuberculosis","D009169",NA,"2.2","Yes","Yes",NA,NA,NA,NA,NA,"PBMC","CD8",NA,NA,NA,"TRAJ56","TRBV6-4",NA,"TRBJ2-6",NA,NA,NA,30992377,NA
184,"CASSDSSGANVLTF",0,"CAVMDSNYQLIW","CASSDSSGANVLTF","Human","Pathogens","M. tuberculosis","D009169",NA,"2.2","Yes","Yes",NA,NA,NA,NA,NA,"PBMC","CD8","MAIT",NA,NA,"TRAJ33","TRBV6-4",NA,"TRBJ2-6",NA,NA,NA,30992377,NA
184,"CASSDSSGANVLTF",0,"CALVNYGGATNKLIF","CASSDSSGANVLTF","Human","Pathogens","M. tuberculosis","D009169",NA,"2.2","Yes","Yes",NA,NA,NA,NA,NA,"PBMC","CD8",NA,NA,NA,"TRAJ32","TRBV6-4",NA,"TRBJ2-6",NA,NA,NA,30992377,NA
184,"CASSDSSGANVLTF",0,"CAVMDSNYQLIW","CASSDSSGANVLTF","Human","Pathogens","M.Tuberculosis","D009169",NA,"2.2","Yes","Yes",NA,NA,NA,NA,NA,"PBMC","CD4",NA,NA,"TRAV1-2","TRAJ33","TRBV6-4",NA,"TRBJ2-6",NA,NA,NA,32341563,NA
186,"CASSYSYEQYF",0,NA,"CASSYSYEQYF","Human","Cancer","Melanoma","D008545","Autologous melanoma","2.4","No","No",NA,NA,NA,NA,"HLA-B*14","Tumor Tissue","CD8",NA,NA,NA,NA,"TRBV13",NA,"TRBJ2-7","No",NA,NA,8339262,NA
186,"CASSYSYEQYF",0,NA,"CASSYSYEQYF","Human","Autoimmune","Celiac disease","D002446",NA,"2.2","No","Yes",NA,NA,NA,NA,NA,"PBMC","CD4",NA,NA,NA,NA,NA,NA,NA,"No",NA,NA,29269859,NA
189,"CASSLVNTEAFF",0,NA,"CASSLVNTEAFF","Human","Pathogens","Influenza","D009980",NA,"1","No","Yes","NP177","P03466","LPRRSGAAGA","38688","HLA-B7","PBMC","CD8",NA,NA,NA,NA,"TRBV7-8",NA,"TRBJ1-1","No","TGTGCCAGCAGCTTAGTGAACACTGAAGCTTTCTTT",NA,28636589,NA
189,"CASSLVNTEAFF",0,"CAVKGDYKLSF","CASSLVNTEAFF","Human","Cancer","Epithelial ovarian cancer","D000077216",NA,"1","Yes","Yes","TP53",NA,"RCSDSDGLAPPQNLIRVEGNLRVEY",NA,NA,NA,"CD4","TIL",NA,"TRAV2",NA,NA,NA,NA,NA,NA,NA,31221207,NA
190,"CASSLLGNTEAFF",0,"CAVSSGTYKYIF","CASSLLGNTEAFF","Human","Cancer","Neoantigen","C050269",NA,"1","Yes",NA,"DRIP-MLY",NA,"MLYQHLLPL",NA,"HLA-A2",NA,NA,NA,NA,NA,NA,"TRBV12-3,12-4",NA,NA,NA,NA,NA,30418433,NA
