index,pattern,'HLA allele with lowest Fisher Score',Pvalue,'Number of subjects in this cluster with this allele','Number of subjects in this cluster with HLA','Number of subjects with this allele in total','Number of subjects with HLA in total'
1,lSVAL,DQB1*06,2.7e-02,9,10,34,58
1,lSVAL,DRB1*15,5.7e-04,9,10,23,58
1,lSVAL,DRB5*01,4.0e-04,8,10,17,58
2,gS%GTESNQP,DPB1*01,8.4e-02,3,3,26,58
2,gS%GTESNQP,DPB1*13,1.1e-02,2,3,4,58
2,gS%GTESNQP,DRB1*12,3.6e-02,2,3,7,58
3,gR%QGNE,DRB1*13,5.5e-02,3,5,12,58
3,gR%QGNE,DRB3*03,1.8e-02,4,5,16,58
4,lGLVL,DPA1*03,2.8e-02,4,7,12,58
5,lTESN,DPB1*13,2.1e-02,2,4,4,58
5,lTESN,DRB1*12,6.7e-02,2,4,7,58
6,lSQFL,DPA1*04,3.6e-02,2,3,7,58
7,lEEPR,DQA1*03,9.3e-02,2,2,18,58
7,lEEPR,DQB1*05,4.0e-02,2,2,12,58
7,lEEPR,DRB1*01,3.6e-03,2,2,4,58
7,lEEPR,DPA1*03,4.0e-02,2,2,12,58
8,gR%SGGEAKNI,DRB5*01,8.2e-02,2,2,17,58
9,lQFIG,DRB1*11,7.4e-02,2,3,10,58
9,lQFIG,DRB3*02,4.3e-02,3,3,21,58
9,lQFIG,DQA1*05,3.7e-02,3,3,20,58
11,gGGKG%QP,DQB1*05,7.1e-03,3,3,12,58
11,gGGKG%QP,DRB1*01,1.1e-02,2,3,4,58
12,lYSVP,DQB1*04,1.7e-02,2,2,8,58
15,lSQFI,DRB1*11,7.4e-02,2,3,10,58
15,lSQFI,DRB3*02,4.3e-02,3,3,21,58
15,lSQFI,DQA1*05,3.7e-02,3,3,20,58
16,lVALL,DRB1*15,5.7e-02,3,3,23,58
16,lVALL,DRB5*01,2.2e-02,3,3,17,58
17,lLGLY,DRB3*02,1.4e-02,4,4,21,58
18,gSPGR%E,DPB1*02,4.0e-02,2,2,12,58
18,gSPGR%E,DQB1*05,4.0e-02,2,2,12,58
18,gSPGR%E,DRB1*10,1.8e-03,2,2,3,58
19,lQFL,DPA1*04,3.6e-02,2,3,7,58
20,lEMGL,DRB1*11,7.4e-02,2,3,10,58
20,lEMGL,DRB3*02,4.3e-02,3,3,21,58
21,lTLTD,DQA1*02,6.0e-03,3,5,6,58
21,lTLTD,DRB1*07,2.3e-02,3,5,9,58
22,lYSIS,DRB1*15,2.1e-02,4,4,23,58
22,lYSIS,DRB5*01,7.1e-02,3,4,17,58
27,gS%GEGPGET,DRB3*03,7.3e-02,2,2,16,58
27,gS%GEGPGET,DPB1*03,1.3e-02,2,2,7,58
28,gSVGTV%TGE,DRB1*11,2.7e-02,2,2,10,58
32,gEGGQG%DT,DRB3*01,5.5e-02,2,2,14,58
41,g%EGTGSSYE,DPB1*04,4.7e-02,2,2,13,58
45,gRE%SP,DRB5*01,8.2e-02,2,2,17,58
45,gRE%SP,DPB1*04,4.7e-02,2,2,13,58
46,gRA%GGEAKNI,DRB5*01,8.2e-02,2,2,17,58
49,gS%EDRGNTE,DRB3*01,5.5e-02,2,2,14,58
49,gS%EDRGNTE,DRB5*01,8.2e-02,2,2,17,58
53,gSQAGTGG%SP,DRB1*13,4.0e-02,2,2,12,58
54,gS%GDRAHQP,DRB1*09,3.6e-03,2,2,4,58
55,gSLS%GQGSNQP,DRB1*11,7.4e-02,2,3,10,58
56,gSIA%NNE,DQA1*03,9.3e-02,2,2,18,58
56,gSIA%NNE,DQB1*05,4.0e-02,2,2,12,58
56,gSIA%NNE,DRB1*01,3.6e-03,2,2,4,58
56,gSIA%NNE,DPA1*03,4.0e-02,2,2,12,58
57,gS%GQGHYNE,DRB3*03,7.3e-02,2,2,16,58
57,gS%GQGHYNE,DRB5*01,8.2e-02,2,2,17,58
60,g%PPGGSNEK,DRB1*11,2.7e-02,2,2,10,58
61,gSVALLG%T,DRB1*15,5.7e-02,3,3,23,58
61,gSVALLG%T,DRB5*01,2.2e-02,3,3,17,58
63,gEEPR%TE,DQA1*03,9.3e-02,2,2,18,58
63,gEEPR%TE,DQB1*05,4.0e-02,2,2,12,58
63,gEEPR%TE,DRB1*01,3.6e-03,2,2,4,58
63,gEEPR%TE,DPA1*03,4.0e-02,2,2,12,58
64,gS%LAAGQET,DQA1*03,9.3e-02,2,2,18,58
64,gS%LAAGQET,DRB1*04,5.5e-02,2,2,14,58
65,gSLDPGS%,DRB1*11,2.7e-02,2,2,10,58
66,gSEED%GRTE,DRB3*01,5.5e-02,2,2,14,58
69,gRDV%VSYNE,DRB5*01,8.2e-02,2,2,17,58
70,gSQDR%GGNT,DRB5*01,8.2e-02,2,2,17,58
70,gSQDR%GGNT,DPB1*04,4.7e-02,2,2,13,58
71,gSEDR%SP,DQA1*03,9.3e-02,2,2,18,58
71,gSEDR%SP,DQB1*05,4.0e-02,2,2,12,58
72,gSPGTESN%P,DQB1*05,4.0e-02,2,2,12,58
72,gSPGTESN%P,DRB1*12,1.3e-02,2,2,7,58
72,gSPGTESN%P,DRB3*01,5.5e-02,2,2,14,58
73,gSEVG%TGE,DRB1*11,2.7e-02,2,2,10,58
75,lVALA,DRB1*15,7.5e-02,4,5,23,58
78,lPFRD,DPB1*04,3.2e-02,3,4,13,58
79,lQFI,DRB1*11,7.4e-02,2,3,10,58
79,lQFI,DRB3*02,4.3e-02,3,3,21,58
79,lQFI,DQA1*05,3.7e-02,3,3,20,58
80,lLEPS,DQB1*03,8.4e-02,3,3,26,58
80,lLEPS,DRB1*11,3.9e-03,3,3,10,58
80,lLEPS,DRB3*02,4.3e-02,3,3,21,58
80,lLEPS,DQA1*05,3.7e-02,3,3,20,58
81,gSPR%ASG,DQB1*05,4.0e-02,2,2,12,58
81,gSPR%ASG,DRB1*07,2.2e-02,2,2,9,58
82,gSSEDRG%TE,DRB3*01,5.5e-02,2,2,14,58
85,gSQ%TGRG,DRB5*01,8.2e-02,2,2,17,58
86,gSLDI%GE,DRB5*01,8.2e-02,2,2,17,58
86,gSLDI%GE,DPB1*04,4.7e-02,2,2,13,58
89,gSRTE%SYE,DPB1*04,4.7e-02,2,2,13,58
90,gSPGTE%NSP,DPB1*13,3.6e-03,2,2,4,58
91,gSL%SGQGSNQP,DRB1*11,7.4e-02,2,3,10,58
93,gR%RTGDEK,DQA1*04,1.3e-02,2,2,7,58
93,gR%RTGDEK,DRB3*01,5.5e-02,2,2,14,58
94,gSH%RDTE,DQB1*05,4.0e-02,2,2,12,58
98,gSPGQ%GG,DPB1*105,8.2e-02,2,2,17,58
100,gSLARGGSY%,DRB5*01,8.2e-02,2,2,17,58
100,gSLARGGSY%,DPB1*04,4.7e-02,2,2,13,58
101,gSQG%G,DRB1*13,7.1e-03,3,3,12,58
102,lSQVI,DQA1*04,6.7e-02,2,4,7,58
102,lSQVI,DQB1*04,8.8e-02,2,4,8,58
104,gSYSIS%NTE,DRB1*15,5.7e-02,3,3,23,58
105,gS%LENTE,DRB3*02,4.3e-02,3,3,21,58
105,gS%LENTE,DQB1*02,5.0e-02,3,3,22,58
108,gRA%GANV,DPB1*02,4.0e-02,2,2,12,58
108,gRA%GANV,DQB1*05,4.0e-02,2,2,12,58
108,gRA%GANV,DPB1*104,1.8e-03,2,2,3,58
109,gS%GTVNSP,DQA1*03,9.3e-02,2,2,18,58
109,gS%GTVNSP,DPB1*105,8.2e-02,2,2,17,58
111,gA%GWGMNTE,DRB3*02,4.3e-02,3,3,21,58
111,gA%GWGMNTE,DQA1*05,3.7e-02,3,3,20,58
111,gA%GWGMNTE,DRB1*03,3.7e-02,3,3,20,58
112,gSRS%QP,DPB1*04,4.7e-02,2,2,13,58
116,gSSGS%E,DQB1*05,4.0e-02,2,2,12,58
116,gSSGS%E,DRB1*10,1.8e-03,2,2,3,58
117,g%TGGDE,DRB5*01,8.2e-02,2,2,17,58
119,lWGMN,DRB3*02,5.3e-02,4,5,21,58
119,lWGMN,DQA1*05,3.4e-03,5,5,20,58
119,lWGMN,DQB1*02,6.3e-02,4,5,22,58
119,lWGMN,DRB1*03,3.4e-03,5,5,20,58
120,lFGLT,DPB1*104,5.4e-03,2,3,3,58
121,lGWGM,DRB3*02,5.3e-02,4,5,21,58
121,lGWGM,DQA1*05,3.4e-03,5,5,20,58
121,lGWGM,DQB1*02,6.3e-02,4,5,22,58
121,lGWGM,DRB1*03,3.4e-03,5,5,20,58
122,lHLGQ,DRB1*11,7.4e-02,2,3,10,58
122,lHLGQ,DQA1*04,3.6e-02,2,3,7,58
122,lHLGQ,DQB1*04,4.7e-02,2,3,8,58
123,lSPWL,DQB1*03,8.4e-02,3,3,26,58
123,lSPWL,DQA1*02,2.6e-02,2,3,6,58
123,lSPWL,DRB1*07,6.0e-02,2,3,9,58
124,gSSR%QET,DQA1*03,9.3e-02,2,2,18,58
124,gSSR%QET,DRB1*07,2.2e-02,2,2,9,58
125,gS%QGVGTE,DRB5*01,8.2e-02,2,2,17,58
127,gSPTS%STDT,DRB4*01,5.7e-02,3,3,23,58
127,gSPTS%STDT,DQA1*02,2.6e-02,2,3,6,58
127,gSPTS%STDT,DRB1*07,6.0e-02,2,3,9,58
128,gSLQG%GTE,DQA1*04,1.3e-02,2,2,7,58
128,gSLQG%GTE,DQB1*04,1.7e-02,2,2,8,58
131,gRRTG%NYG,DRB3*03,7.3e-02,2,2,16,58
132,g%PGWGMNTE,DRB1*11,7.4e-02,2,3,10,58
132,g%PGWGMNTE,DRB3*02,4.3e-02,3,3,21,58
132,g%PGWGMNTE,DQA1*05,3.7e-02,3,3,20,58
132,g%PGWGMNTE,DRB1*03,3.7e-02,3,3,20,58
135,gSR%DYG,DRB1*11,2.7e-02,2,2,10,58
136,gS%GVWET,DPB1*04,4.7e-02,2,2,13,58
139,gSIV%TGE,DPB1*13,3.6e-03,2,2,4,58
143,lSELT,DPB1*02,2.5e-02,3,4,12,58
143,lSELT,DPB1*104,1.1e-02,2,4,3,58
145,lSQRW,DRB1*15,5.7e-02,3,3,23,58
146,gSPG%GE,DQB1*05,7.1e-03,3,3,12,58
146,gSPG%GE,DRB1*10,5.4e-03,2,3,3,58
147,gS%TGNYG,DPB1*01,8.4e-02,3,3,26,58
148,lQTRL,DPA1*04,3.6e-02,2,3,7,58
148,lQTRL,DQA1*02,2.6e-02,2,3,6,58
148,lQTRL,DRB1*07,6.0e-02,2,3,9,58
149,gSLGLAG%,DPB1*02,4.0e-02,2,2,12,58
149,gSLGLAG%,DQA1*02,9.1e-03,2,2,6,58
149,gSLGLAG%,DRB1*07,2.2e-02,2,2,9,58
152,gSQ%GYTE,DQB1*04,1.7e-02,2,2,8,58
154,g%QADT,DRB1*13,4.0e-02,2,2,12,58
158,gSLD%QP,DRB5*01,8.2e-02,2,2,17,58
158,gSLD%QP,DPB1*04,4.7e-02,2,2,13,58
159,gS%GQGGG,DRB5*01,8.2e-02,2,2,17,58
160,gSSGQ%YG,DQA1*04,1.3e-02,2,2,7,58
160,gSSGQ%YG,DRB3*01,5.5e-02,2,2,14,58
160,gSSGQ%YG,DQB1*04,1.7e-02,2,2,8,58
165,gSLSG%SYNE,DQA1*03,9.3e-02,2,2,18,58
165,gSLSG%SYNE,DRB1*04,5.5e-02,2,2,14,58
166,gS%EGYTE,DRB3*01,5.5e-02,2,2,14,58
167,gRDD%YE,DRB5*01,8.2e-02,2,2,17,58
167,gRDD%YE,DPB1*04,4.7e-02,2,2,13,58
168,gSPSTG%YG,DRB1*11,2.7e-02,2,2,10,58
173,gSQGY%,DRB1*13,4.0e-02,2,2,12,58
174,gS%GQDYG,DQA1*03,9.3e-02,2,2,18,58
174,gS%GQDYG,DRB1*04,5.5e-02,2,2,14,58
176,gSSGQG%G,DPB1*04,4.7e-02,2,2,13,58
177,gSP%RATE,DRB1*11,2.7e-02,2,2,10,58
178,g%VGGSNQP,DRB5*01,8.2e-02,2,2,17,58
179,gSP%TDT,DQB1*04,4.7e-02,2,3,8,58
181,gS%QGSGE,DRB5*01,8.2e-02,2,2,17,58
182,gSR%GQP,DQA1*04,1.3e-02,2,2,7,58
182,gSR%GQP,DQB1*05,4.0e-02,2,2,12,58
186,gRD%SYE,DPB1*02,4.0e-02,2,2,12,58
186,gRD%SYE,DRB1*13,4.0e-02,2,2,12,58
186,gRD%SYE,DRB5*01,8.2e-02,2,2,17,58
189,gSVG%YNE,DQB1*05,4.0e-02,2,2,12,58
190,gSLDA%E,DRB3*03,7.3e-02,2,2,16,58
191,gSLTG%QP,DRB1*11,2.7e-02,2,2,10,58
193,gSGG%NQP,DPB1*02,4.0e-02,2,2,12,58
193,gSGG%NQP,DQA1*02,9.1e-03,2,2,6,58
193,gSGG%NQP,DRB1*07,2.2e-02,2,2,9,58
195,gRT%SNQP,DPB1*105,8.2e-02,2,2,17,58
197,gSL%SYG,DPB1*02,4.0e-02,2,2,12,58
198,gSL%LAGE,DQB1*05,4.0e-02,2,2,12,58
200,gS%VENTE,DRB1*11,2.7e-02,2,2,10,58
204,gG%RYNE,DPB1*11,6.0e-03,2,2,5,58
206,g%DSTDT,DPB1*02,4.0e-02,2,2,12,58
206,g%DSTDT,DRB5*01,8.2e-02,2,2,17,58
208,gSL%GYTE,DPB1*02,4.0e-02,2,2,12,58
212,gSGTG%SYE,DQB1*05,4.0e-02,2,2,12,58
212,gSGTG%SYE,DRB1*01,3.6e-03,2,2,4,58
217,gSPG%ET,DRB3*01,5.5e-02,2,2,14,58
222,gS%DSSGANV,DQA1*03,9.3e-02,2,2,18,58
222,gS%DSSGANV,DQB1*05,4.0e-02,2,2,12,58
222,gS%DSSGANV,DRB1*01,3.6e-03,2,2,4,58
227,gSRD%QP,DRB3*02,4.3e-02,3,3,21,58
228,gSPG%DT,DRB1*13,4.0e-02,2,2,12,58
229,gS%RTDT,DQA1*03,9.3e-02,2,2,18,58
229,gS%RTDT,DRB1*04,5.5e-02,2,2,14,58
233,g%GDTE,DQA1*03,9.3e-02,2,2,18,58
233,g%GDTE,DPB1*105,8.2e-02,2,2,17,58
234,gS%GDNQP,DRB5*01,8.2e-02,2,2,17,58
235,gS%RRE,DRB5*01,8.2e-02,2,2,17,58
235,gS%RRE,DQA1*02,9.1e-03,2,2,6,58
235,gS%RRE,DRB1*07,2.2e-02,2,2,9,58
236,gSL%GGTDT,DRB3*01,5.5e-02,2,2,14,58
237,g%NTGE,DPB1*11,6.0e-03,2,2,5,58
238,gSRG%QP,DRB3*01,5.5e-02,2,2,14,58
240,gS%GRNTE,DPB1*02,4.0e-02,2,2,12,58
242,gSSG%E,DQA1*03,9.3e-02,2,2,18,58
242,gSSG%E,DRB1*04,5.5e-02,2,2,14,58
242,gSSG%E,DPA1*03,4.0e-02,2,2,12,58
243,gS%NSP,DRB1*13,4.0e-02,2,2,12,58
243,gS%NSP,DRB3*03,7.3e-02,2,2,16,58
247,gS%GSYNE,DRB1*13,4.0e-02,2,2,12,58
248,gSR%TDT,DPB1*105,8.2e-02,2,2,17,58
252,gS%GGSGANV,DRB4*01,5.7e-02,3,3,23,58
252,gS%GGSGANV,DQB1*02,5.0e-02,3,3,22,58
252,gS%GGSGANV,DQA1*02,2.6e-02,2,3,6,58
252,gS%GGSGANV,DRB1*07,2.7e-03,3,3,9,58
255,gS%QET,DRB4*01,5.7e-02,3,3,23,58
255,gS%QET,DRB1*07,6.0e-02,2,3,9,58
263,gSL%GNTE,DRB3*03,7.3e-02,2,2,16,58
264,gS%GGET,DRB3*01,5.5e-02,2,2,14,58
265,lGLVL,DPB1*02,4.0e-02,2,2,12,58
266,gS%GGE,DPB1*105,8.2e-02,2,2,17,58
932,single,DRB3*03,7.3e-02,2,2,16,58
932,single,DPB1*03,1.3e-02,2,2,7,58
1078,single,DRB1*13,4.0e-02,2,2,12,58
1078,single,DRB3*01,5.5e-02,2,2,14,58
1249,single,DQB1*05,4.0e-02,2,2,12,58
1257,single,DRB3*03,7.3e-02,2,2,16,58
1257,single,DPB1*03,1.3e-02,2,2,7,58
1661,single,DRB1*09,3.6e-03,2,2,4,58
1685,single,DQA1*03,9.3e-02,2,2,18,58
1685,single,DRB1*04,5.5e-02,2,2,14,58
1709,single,DRB3*01,5.5e-02,2,2,14,58
1709,single,DRB5*01,8.2e-02,2,2,17,58
2027,single,DRB3*01,5.5e-02,2,2,14,58
2046,single,DPB1*105,8.2e-02,2,2,17,58
2438,single,DPA1*04,1.3e-02,2,2,7,58
2438,single,DQA1*02,9.1e-03,2,2,6,58
2438,single,DRB1*07,2.2e-02,2,2,9,58
2501,single,DRB3*03,7.3e-02,2,2,16,58
2675,single,DRB5*01,8.2e-02,2,2,17,58
2675,single,DQA1*02,9.1e-03,2,2,6,58
2675,single,DRB1*07,2.2e-02,2,2,9,58
3242,single,DRB4*01,5.7e-02,3,3,23,58
3242,single,DPA1*04,3.6e-02,2,3,7,58
3242,single,DQA1*02,6.5e-04,3,3,6,58
3242,single,DRB1*07,2.7e-03,3,3,9,58
3385,single,DQB1*05,4.0e-02,2,2,12,58
3392,single,DRB3*03,7.3e-02,2,2,16,58
3392,single,DPB1*03,1.3e-02,2,2,7,58
3463,single,DRB3*03,7.3e-02,2,2,16,58
3463,single,DPB1*03,1.3e-02,2,2,7,58
3474,single,DPB1*02,4.0e-02,2,2,12,58
3474,single,DQB1*05,4.0e-02,2,2,12,58
3474,single,DRB1*10,1.8e-03,2,2,3,58
3679,single,DRB3*01,5.5e-02,2,2,14,58
4048,single,DPB1*11,6.0e-03,2,2,5,58
4048,single,DRB1*13,4.0e-02,2,2,12,58
4048,single,DRB3*03,7.3e-02,2,2,16,58
4064,single,DQA1*03,9.3e-02,2,2,18,58
4064,single,DPB1*105,8.2e-02,2,2,17,58
4128,single,DRB5*01,8.2e-02,2,2,17,58
4176,single,DQA1*02,9.1e-03,2,2,6,58
4176,single,DRB1*07,2.2e-02,2,2,9,58
4550,single,DRB1*13,4.0e-02,2,2,12,58
